id,variant,quadrant,pdfPage,name,sizeMm,sizeIn,finish,pcsPerBox,boxWeightKg,coverageSqFt,surface,category,subCategory,textureFile,textureUrl,nameOcrRaw,headerOcrRaw,footerOcrRaw,confidence
gt2025-c141,1,TL,3,Briko-Carrot,75×300mm,"3""×12""",Glossy,,,,Wall,Tiles,Wall Tiles,gt-2025-p02-t1-clean.webp,/assets/catalogue/clean_swatches/gt-2025-p02-t1-clean.webp,gg . : 7 — — . if a BRIKO-CARROT,N Size: | [TTA LAN Al \ 3”x12” | 73x300mm | — biigre,"a page-01 3°x12”"" Wall Tiles / Thermocol Packing / Coverage / Weight (approx)",high
gt2025-c142,2,BL,3,Briko-Khakhi,75×300mm,"3""×12""",Glossy,,,,Wall,Tiles,Wall Tiles,gt-2025-p02-t2-clean.webp,/assets/catalogue/clean_swatches/gt-2025-p02-t2-clean.webp,id l = _ J | i | ; eee ee BRIKO-KHAKHI ___ ae _ = | r iL - - | _ | ; Tt i = _ a ! 1c mm | - | | ee — a |,N Size: | [TTA LAN Al \ 3”x12” | 73x300mm | — biigre,"a page-01 3°x12”"" Wall Tiles / Thermocol Packing / Coverage / Weight (approx)",high
gt2025-c143,3,TR,3,Toners,75×300mm,"3""×12""",Glossy,,,,Wall,Tiles,Wall Tiles,gt-2025-p02-t3-clean.webp,/assets/catalogue/clean_swatches/gt-2025-p02-t3-clean.webp,"| = ) =e ; : as - | - a eo, n . - ~ — . -_"" -. - ~~ we eo ee = ae : ~ ray : “ee . ——— TAR ot rm . cole . and . . ’ . : eet _—F wees we oo! ee ee as ~— ~ . ~ . . ~ ° be . . ; Le * - . en m4 - Ey . rs a","DIGITAL WALL TILES Size: | [TA LIAN Al EXCLUSIVE COLLECTION 3""x12"" | 73x300mm | — Liign:",3°x12” Wall Tiles / Thermocol Packing / Coverage / Weight (approx) pag,high
gt2025-c144,4,BR,3,Stony-22,75×300mm,"3""×12""",Glossy,,,,Wall,Tiles,Wall Tiles,gt-2025-p02-t4-clean.webp,/assets/catalogue/clean_swatches/gt-2025-p02-t4-clean.webp,"An a * 7 ; . a a STONY-22 ~ - j : —"" oe = ; = hes ne","DIGITAL WALL TILES Size: | [TA LIAN Al EXCLUSIVE COLLECTION 3""x12"" | 73x300mm | — Liign:",3°x12” Wall Tiles / Thermocol Packing / Coverage / Weight (approx) pag,high
gt2025-c145,1,TL,4,Manian,300×300mm,,Glossy,20,14.50,9.62,Wall,Tiles,Wall Tiles,gt-2025-p03-t1-clean.webp,/assets/catalogue/clean_swatches/gt-2025-p03-t1-clean.webp,"- a one a we te . pags t i a a ae rea 8 tg “,. - oF - $F: 4 nays ae wh ahs A : { Moyen a 7th ort . ’ ' cna + oe dee wah ate o . oe . ree ey LE ne af Say Mh gk : Po”, , ’ ‘4 ee edt dias , aa.tl!lé<éi a",\ Size : aT AMIAN N 12”x12” | 300x300mm | = ar id,- - . 20 Pcs 9.62 Sq. Ft. / 14.50 Kgs. page-03 6”x12” Wall Tiles / Thermocol Packing / Coverage / Weight (approx),high
gt2025-c146,2,BL,4,Stony-57,300×300mm,,Glossy,20,14.50,9.62,Wall,Tiles,Wall Tiles,gt-2025-p03-t2-clean.webp,/assets/catalogue/clean_swatches/gt-2025-p03-t2-clean.webp,": , . - we ge ep oe —_ “ee aey a ne | as . es Tm am hath find J? («f They ce, “2.7% » 4 a a . ~ - a4 = es _— = * a . oe - . oe wo. . J “4 eo HTS rey we. 8 ye et eer) . = - o- oo sow - ‘e . . : . . . f",\ Size : aT AMIAN N 12”x12” | 300x300mm | = ar id,- - . 20 Pcs 9.62 Sq. Ft. / 14.50 Kgs. page-03 6”x12” Wall Tiles / Thermocol Packing / Coverage / Weight (approx),high
gt2025-c147,3,TR,4,Crossy-Carrot (Random),300×300mm,"12""×12""",Glossy,,,,Wall,Tiles,Wall Tiles,gt-2025-p03-t3-clean.webp,/assets/catalogue/clean_swatches/gt-2025-p03-t3-clean.webp,oe ee ee +‘ __*__* =\ CROSSY-CARROT (RANDOM) fam SGN a ——dW@W\><2«<ST o ——<— rm YAS,"DIGITAL WALL TILES Size: | [TA LIAN Al EXCLUSIVE COLLECTION 12""x12"" | 300x300mm | — Liign:",12°x12” Wall Tiles / Thermocol Packing / Coverage / Weight (approx) page 04,high
gt2025-c148,4,BR,4,Belteart,300×300mm,"12""×12""",Glossy,,,,Wall,Tiles,Wall Tiles,gt-2025-p03-t4-clean.webp,/assets/catalogue/clean_swatches/gt-2025-p03-t4-clean.webp,">|!"" ’ j - ' il ow, _ _ a a a -., a y y . ~ ~ "" t ro ba a — \ \ . \\ ¥ \\ \ \ . i ! ———— ‘ \ . \ \ \ \ la ——— \ XN j \ \ ANS \ \\ ON \ YN \ a - \ XN Ne ON ‘\ BElteart = . \\ a 7 ee + “ - \ \\ XN \ ‘ :","DIGITAL WALL TILES Size: | [TA LIAN Al EXCLUSIVE COLLECTION 12""x12"" | 300x300mm | — Liign:",12°x12” Wall Tiles / Thermocol Packing / Coverage / Weight (approx) page 04,high
gt2025-c149,1,TL,5,Choco (Raandom),300×300mm,,Glossy,12,17.00,12,Wall,Tiles,Wall Tiles,gt-2025-p04-t1-clean.webp,/assets/catalogue/clean_swatches/gt-2025-p04-t1-clean.webp,| CHOCO (raANDom),N Size : EL ALIAN \ 12”x12” | 300x300mm | — big 11 Pcs,"ELE , 12 Pcs 12 Sq. Ft. / 17.00 Kgs. page-05 12”x12” Wall Tiles / Thermocol Packing / Coverage / Weight (approx)",high
gt2025-c150,2,BL,5,Parken,300×300mm,,Glossy,12,17.00,12,Wall,Tiles,Wall Tiles,gt-2025-p04-t2-clean.webp,/assets/catalogue/clean_swatches/gt-2025-p04-t2-clean.webp,"a a / ore re BY my ON oe oe tee ely at, oe . wo a tae ¢ oe Ps * oo \ 3 b a s i A Ate - ee. <4 nS me ee @e. o ete ys MO. fi ett: 6 OF RL, ee ss pe Oe a are > ta g ‘pe te ORM . an are wit cae a en Lo i,",N Size : EL ALIAN \ 12”x12” | 300x300mm | — big 11 Pcs,"ELE , 12 Pcs 12 Sq. Ft. / 17.00 Kgs. page-05 12”x12” Wall Tiles / Thermocol Packing / Coverage / Weight (approx)",high
gt2025-c151,3,TR,5,Pool-06,300×300mm,"12""×12""",Glossy,12,17.00,12,Wall,Tiles,Wall Tiles,gt-2025-p04-t3-clean.webp,/assets/catalogue/clean_swatches/gt-2025-p04-t3-clean.webp,seat Pec SE OE $9606 Aa Aya “ oes ECE Ceaanaas ReNwee | es eR TT Pv g0ene un po POOL-06 gogeeene > nega SS ALAN e= gt oe A eee SST Rp,"DIGITAL WALL TILES Size: | [TA LIAN Al EXCLUSIVE COLLECTION 12""x12"" | 300x300mm | — Liign:","a 9 9 . 12 Pcs 12 Sq. Ft. 17.00 Kgs. aae-06 12°x12"" Wall Tiles / Thermocol Packing / Coverage / Weight (approx) pag",high
gt2025-c152,4,BR,5,Pool-13,300×300mm,"12""×12""",Glossy,12,17.00,12,Wall,Tiles,Wall Tiles,gt-2025-p04-t4-clean.webp,/assets/catalogue/clean_swatches/gt-2025-p04-t4-clean.webp,"—- —_ — “> S a ee ms - —_ ee —w ast ne “ mS -_—= = —— Sane me a ee . ee | ee o4 Fo : a x ar a oe ae oe a eer oe Ra a. “oe ry ” — ~ : . $ * ~, —: “y . ! &t TF ” _# = oo : | = | POOL-13","DIGITAL WALL TILES Size: | [TA LIAN Al EXCLUSIVE COLLECTION 12""x12"" | 300x300mm | — Liign:","a 9 9 . 12 Pcs 12 Sq. Ft. 17.00 Kgs. aae-06 12°x12"" Wall Tiles / Thermocol Packing / Coverage / Weight (approx) pag",high
gt2025-c153,1,TL,6,Pilin,300×300mm,,Glossy,,,,Wall,Tiles,Wall Tiles,gt-2025-p05-t1-clean.webp,/assets/catalogue/clean_swatches/gt-2025-p05-t1-clean.webp,"a ae ey el e a _ ee. sou . a aA av” ” 4 j A 4 -<3 ~: oF BF gn ea hy SOR v ow ~ xy an 7 ) , A ‘ _ =o “ye 7 pat } 4 - ne ‘es pilin: mn i rrr Fig ie 48 ey, . ory fe ‘ . . 4 Ps on --, Te - 4 yo : ion 'f :",\ Size : aT AMIAN N 12”x12” | 300x300mm | = ar id,i eeeeeeee—C—CSCSCsS ns page-07 12”x12” Wall Tiles / Thermocol Packing / Coverage / Weight (approx),high
gt2025-c154,2,BL,6,Eevee,300×300mm,,Glossy,,,,Wall,Tiles,Wall Tiles,gt-2025-p05-t2-clean.webp,/assets/catalogue/clean_swatches/gt-2025-p05-t2-clean.webp,"roy ty | Ne | FE i all ( | | \q : 7 Tk Ey ee “oe FM if errs 4 3 . xX NY, % a} b«! : 1 Bb: SAR i: SN ee A! a ae Pere eevee EET TE",\ Size : aT AMIAN N 12”x12” | 300x300mm | = ar id,i eeeeeeee—C—CSCSCsS ns page-07 12”x12” Wall Tiles / Thermocol Packing / Coverage / Weight (approx),high
gt2025-c155,3,TR,6,Vm-09,300×300mm,"12""×12""",Glossy,12,17.00,12,Wall,Tiles,Wall Tiles,gt-2025-p05-t3-clean.webp,/assets/catalogue/clean_swatches/gt-2025-p05-t3-clean.webp,"fi . | I : J | | | fi | | he , | = |) aad pot | — “ , ~~“ ' . “ - ~ t ™ i} = i VM-09 — i | . aunt _ 1 Lf x . . . r Z 4 [ ; |","DIGITAL WALL TILES Size: | [TA LIAN Al EXCLUSIVE COLLECTION 12""x12"" | 300x300mm | — Liign:",130-4 993 12 Pcs 12 Sq. Ft. / 17.00 Kgs. aqe-08 12°x12” Wall Tiles / Thermocol Packing / Coverage / Weight (approx) Pag,high
gt2025-c156,4,BR,6,Bruuudcuueeceecececeenn,300×300mm,"12""×12""",Glossy,12,17.00,12,Wall,Tiles,Wall Tiles,gt-2025-p05-t4-clean.webp,/assets/catalogue/clean_swatches/gt-2025-p05-t4-clean.webp,"BRUUUDCUUEECEECECeceenn ; on Se ’ y - i: 2. ; os ""YT ¥ 4 P : ’ -. (q : on ; ! ne ee eee [Ti wm me & Seer eee rT — rd Ur a ma ho he ho","DIGITAL WALL TILES Size: | [TA LIAN Al EXCLUSIVE COLLECTION 12""x12"" | 300x300mm | — Liign:",130-4 993 12 Pcs 12 Sq. Ft. / 17.00 Kgs. aqe-08 12°x12” Wall Tiles / Thermocol Packing / Coverage / Weight (approx) Pag,high
gt2025-c157,1,TL,7,Ounnerreramaars,300×300mm,,Glossy,,,,Wall,Tiles,Wall Tiles,gt-2025-p06-t1-clean.webp,/assets/catalogue/clean_swatches/gt-2025-p06-t1-clean.webp,". thet on _ ~ t ' =— Z . . nated vl ie \ ¥ i - , — . SNe ' Es | , _ = — i 3 re Be j-o = PE —EEE ' ‘ == ; wae : —=———3} 1 Be “4 38 b- . t ‘ 1” — x . oT ‘ 40 — » = ie = 1 Ce — | ee. thee ee 4) _—_—_ aa ",\ Size : aT AMIAN N 12”x12” | 300x300mm | = ar id,page-09 12”x12” Wall Tiles / Thermocol Packing / Coverage / Weight (approx),high
gt2025-c158,2,BL,7,Ctb-08,300×300mm,,Glossy,,,,Wall,Tiles,Wall Tiles,gt-2025-p06-t2-clean.webp,/assets/catalogue/clean_swatches/gt-2025-p06-t2-clean.webp,"a i ‘ wotot ss Bn ee we cece pepeee ene nee bo cov ceca tae ion : | | | | ! | | , | | / | | Mota nO SO eee etme teen 7 - , . if a | Ot | es _ eee peeve - we ete ‘ _. Lo | | . ef * Sa . ” , | re _“ Ld ",\ Size : aT AMIAN N 12”x12” | 300x300mm | = ar id,page-09 12”x12” Wall Tiles / Thermocol Packing / Coverage / Weight (approx),high
gt2025-c159,3,TR,7,Ctb-29,300×300mm,"12""×12""",Glossy,,,,Wall,Tiles,Wall Tiles,gt-2025-p06-t3-clean.webp,/assets/catalogue/clean_swatches/gt-2025-p06-t3-clean.webp,"_ x... ny eS | — ) ITT a eS Sa 1 J ihe ; 7 { : (} 2 ‘Ty J _ : __ j — ge de J } _ rr | ie: - "" J j - | , i ‘i cC _____ J. =f ——_ — 4 4 VE ? ee © oO ‘ ——————— CTB-29 —— SSS","DIGITAL WALL TILES Size: | [TA LIAN Al EXCLUSIVE COLLECTION 12""x12"" | 300x300mm | — Liign:","Oe ""ee 12°x12”"" Wall Tiles / Thermocol Packing / Coverage / Weight (approx) page-10",high
gt2025-c160,4,BR,7,Tee,300×300mm,"12""×12""",Glossy,,,,Wall,Tiles,Wall Tiles,gt-2025-p06-t4-clean.webp,/assets/catalogue/clean_swatches/gt-2025-p06-t4-clean.webp,"*‘ a 4 ' ) . q \ . . \’ : . . N , \ . ~~ ; x. ; + Ne ; . . . “ . : Ne . "" i ve ~ ‘ HN. . . . , ; . be . \ : ~. ny . ry N A , 4 ~\ ‘ \ mA | ; XY ; \ _- n | ‘ ~, “ N aN st ms . ‘ 4 \ . . ‘ . , s . > i -","DIGITAL WALL TILES Size: | [TA LIAN Al EXCLUSIVE COLLECTION 12""x12"" | 300x300mm | — Liign:","Oe ""ee 12°x12”"" Wall Tiles / Thermocol Packing / Coverage / Weight (approx) page-10",high
gt2025-c161,1,TL,8,Lur-71,300×300mm,,Glossy,12,17.00,12,Wall,Tiles,Wall Tiles,gt-2025-p07-t1-clean.webp,/assets/catalogue/clean_swatches/gt-2025-p07-t1-clean.webp,": : FE dt pL | | BT H ith , LUR-71 THA EE Bull |",\ Size : aT AMIAN N 12”x12” | 300x300mm | = ar id,9 - . 12 Pcs 12 Sq. Ft. 17.00 Kgs. page-11 12°x12” Wall Tiles / Thermocol Packing / Coverage / Weight (approx),high
gt2025-c162,2,BL,8,Lx-76 (Random),300×300mm,,Glossy,12,17.00,12,Wall,Tiles,Wall Tiles,gt-2025-p07-t2-clean.webp,/assets/catalogue/clean_swatches/gt-2025-p07-t2-clean.webp,"s= 3 4:mebp », AES LX-76 (RANDOM) v4 Cm Ni : 2 . , rl",\ Size : aT AMIAN N 12”x12” | 300x300mm | = ar id,9 - . 12 Pcs 12 Sq. Ft. 17.00 Kgs. page-11 12°x12” Wall Tiles / Thermocol Packing / Coverage / Weight (approx),high
gt2025-c163,3,TR,8,Pinatipn,300×300mm,"12""×12""",Glossy,12,17.00,12,Wall,Tiles,Wall Tiles,gt-2025-p07-t3-clean.webp,/assets/catalogue/clean_swatches/gt-2025-p07-t3-clean.webp,"| gen OT OT. ORY ¥ nn re 7 @ od eel y re . — =—— | . | “ mg, .: . 4 wy i # j ¥ . . oe ee Rs ms é a ‘ o’ ees Ge, NR: ee eek is ae ne . . ” B ee (4 Oe aurea as. b: Lg, “yall ee - ° . : Ped et 5 Oe OTe I","DIGITAL WALL TILES Size: | [TA LIAN Al EXCLUSIVE COLLECTION 12""x12"" | 300x300mm | — Liign:",a a 130-4 993 12 Pcs 12 Sq. Ft. / 17.00 Kgs. aqe-12 12°x12” Wall Tiles / Thermocol Packing / Coverage / Weight (approx) Pag,high
gt2025-c164,4,BR,8,Lx-66,300×300mm,"12""×12""",Glossy,12,17.00,12,Wall,Tiles,Wall Tiles,gt-2025-p07-t4-clean.webp,/assets/catalogue/clean_swatches/gt-2025-p07-t4-clean.webp,. b fa -_ ‘ _ 3 me --- _—— es Se uo - LX-66 | 2,"DIGITAL WALL TILES Size: | [TA LIAN Al EXCLUSIVE COLLECTION 12""x12"" | 300x300mm | — Liign:",a a 130-4 993 12 Pcs 12 Sq. Ft. / 17.00 Kgs. aqe-12 12°x12” Wall Tiles / Thermocol Packing / Coverage / Weight (approx) Pag,high
gt2025-c165,1,TL,9,Lx-01 (Random),300×300mm,,Glossy,,,,Wall,Tiles,Wall Tiles,gt-2025-p08-t1-clean.webp,/assets/catalogue/clean_swatches/gt-2025-p08-t1-clean.webp,— a LX-01 (RANDOM) = a z . A gil id,\ Size : aT AMIAN N 12”x12” | 300x300mm | = ar id,"eee page-13 12°x12"" Wall Tiles / Thermocol Packing / Coverage / Weight (approx)",high
gt2025-c166,2,BL,9,Lx-10,300×300mm,,Glossy,,,,Wall,Tiles,Wall Tiles,gt-2025-p08-t2-clean.webp,/assets/catalogue/clean_swatches/gt-2025-p08-t2-clean.webp,he . : gretgs 3 Uo ORM pA aKa time le’. rer War ee Mts Sw PR Th Ne BY NS 2 Wit OV Aged OVD ‘ Mg Pe See - as lUk$;:l “OO :.0lUCUca Rs «= © a i . e ee _ ' fs eo | mo es ‘ hove - «2D - ~ Lal Lome oo im ‘,\ Size : aT AMIAN N 12”x12” | 300x300mm | = ar id,"eee page-13 12°x12"" Wall Tiles / Thermocol Packing / Coverage / Weight (approx)",high
gt2025-c167,3,TR,9,,300×300mm,"12""×12""",Glossy,,,,Wall,Tiles,Wall Tiles,gt-2025-p08-t3-clean.webp,/assets/catalogue/clean_swatches/gt-2025-p08-t3-clean.webp,Of a | ae,"DIGITAL WALL TILES Size: | [TA LIAN Al EXCLUSIVE COLLECTION 12""x12"" | 300x300mm | — Liign:",12°x12” Wall Tiles / Thermocol Packing / Coverage / Weight (approx) pag,low
gt2025-c168,4,BR,9,Plc-60,300×300mm,"12""×12""",Glossy,,,,Wall,Tiles,Wall Tiles,gt-2025-p08-t4-clean.webp,/assets/catalogue/clean_swatches/gt-2025-p08-t4-clean.webp,"mr eet - ve o-_ a ° ere le e — = . Cr aad - a ° ot py wt gn - eo” ee a ce. . . 2 * . —_ oo: i in .s Pe ete notbe ‘°° “org! we on, : ae ae a Y re $ % «4. . ey cof A e ae a : ‘ aa ep & arene ee ete “es ","DIGITAL WALL TILES Size: | [TA LIAN Al EXCLUSIVE COLLECTION 12""x12"" | 300x300mm | — Liign:",12°x12” Wall Tiles / Thermocol Packing / Coverage / Weight (approx) pag,high
gt2025-c169,1,TL,10,Plc-18 (Random),300×300mm,,Glossy,,,,Wall,Tiles,Wall Tiles,gt-2025-p09-t1-clean.webp,/assets/catalogue/clean_swatches/gt-2025-p09-t1-clean.webp,"ty yp 8 ee ’ F\ wn - . 7 oo | : P ) Vey 4 i q . a - , aes C = \ _ PLC-18 (RANDOM) an | - | cS » Be iw Mites i.",\ Size : aT AMIAN N 12”x12” | 300x300mm | = ar id,ee S—“™E'C_C page-15 12”x12” Wall Tiles / Thermocol Packing / Coverage / Weight (approx),high
gt2025-c170,2,BL,10,Sori,300×300mm,,Glossy,,,,Wall,Tiles,Wall Tiles,gt-2025-p09-t2-clean.webp,/assets/catalogue/clean_swatches/gt-2025-p09-t2-clean.webp,"%, a | fs e/ LP oy J apy 1 gt Ra ‘yka co , cto | y7> Bi q on” “a - . 6 al . a "" ip. - ‘. Ld . : ° ¢ ial bd Sori » s . FN, Ay #4 | = ef ‘4 ‘é | | | | —— } : |",\ Size : aT AMIAN N 12”x12” | 300x300mm | = ar id,ee S—“™E'C_C page-15 12”x12” Wall Tiles / Thermocol Packing / Coverage / Weight (approx),high
gt2025-c171,3,TR,10,Eee,300×300mm,"12""×12""",Glossy,,,,Wall,Tiles,Wall Tiles,gt-2025-p09-t3-clean.webp,/assets/catalogue/clean_swatches/gt-2025-p09-t3-clean.webp,"—~_ } | ; = ws — : : . . J ~ : / : | | a eee, ZZ ae’ - 2 f Ls We os","DIGITAL WALL TILES Size: | [TA LIAN Al EXCLUSIVE COLLECTION 12""x12"" | 300x300mm | — Liign:","a 12°x12”"" Wall Tiles / Thermocol Packing / Coverage / Weight pag",high
gt2025-c172,4,BR,10,W-2,300×300mm,"12""×12""",Glossy,,,,Wall,Tiles,Wall Tiles,gt-2025-p09-t4-clean.webp,/assets/catalogue/clean_swatches/gt-2025-p09-t4-clean.webp,": eae a 3 ie ’ i Su a ~ ; 4 yy ; ee | one . EEE eT ©~€, a —— ’ : A) y ty — 4 A it fi Fi —~ i 4 4 2 ' - —- « I ' a * ‘ ie! Pou a “ *) _— » i : . R (A ¢ r} , : - \ 4 ), “a ' . ""hk i, id — fal : y ‘= | -","DIGITAL WALL TILES Size: | [TA LIAN Al EXCLUSIVE COLLECTION 12""x12"" | 300x300mm | — Liign:","a 12°x12”"" Wall Tiles / Thermocol Packing / Coverage / Weight pag",high
gt2025-c173,1,TL,11,88128-HL,300×450mm,,Glossy,,,,Wall,Tiles,Wall Tiles,gt-2025-p10-t1-clean.webp,/assets/catalogue/clean_swatches/gt-2025-p10-t1-clean.webp,"oh Ee ce \, 5 we 48 tea? pe ee io PN 2, he Soe , : . re rr) . be 4 a a = ff 4 —- ae : a et & , ky 88128-HL-1 Pe Ee See a) 8 Ee eee an Se eee a as Se ee Oa Ee ay ty . sd or - bet - "" = “h 4 a yy me = =","\ Size : NEW » 12”x18"" | 300x450mm Sugar","OO ———————————————————————————eeeeeeereerererererrr P age-17 12°x18"" Wall Tiles / Packing / Coverage / Weight laperen",high
gt2025-c174,2,BL,11,Eeeerrrrc,300×450mm,,Glossy,,,,Wall,Tiles,Wall Tiles,gt-2025-p10-t2-clean.webp,/assets/catalogue/clean_swatches/gt-2025-p10-t2-clean.webp,en . ry D anh a Pe eeeerrrrC—SC‘C;iCSC‘sésYY —_ 4£ . a 1 ‘~ oe = rae $8095-L a in Se. YAN -~ mee gr w&. wey’ B j* » . oo - 5 awn oe ee,"\ Size : NEW » 12”x18"" | 300x450mm Sugar","OO ———————————————————————————eeeeeeereerererererrr P age-17 12°x18"" Wall Tiles / Packing / Coverage / Weight laperen",high
gt2025-c175,3,TR,11,56177-HL,300×450mm,,Glossy,6,10.00,9,Wall,Tiles,Wall Tiles,gt-2025-p10-t3-clean.webp,/assets/catalogue/clean_swatches/gt-2025-p10-t3-clean.webp,". . _ f . ees : a ‘< -. 56177-HL-1 , ee "" ae . ; , - | *, a : ; f Z . 3 1 / . ra . . ‘ _ ‘a i } $ J , z 7 i % & ; ss 7 : . i . - tz m ' 4 _ ‘ ? %, ‘ 7. \ a £ . ria ( "" ey, , ) , 5 = | . hee _ J ' ; . ","DIGITAL WALL TILES Size : BATHROOM SERIES 12”x18"" | 300x450mm G lossy","93 . 6 Pcs 9 Sq. Ft. 10.00 Kgs. aae-18 12°x18"" Wall Tiles / Packing / Coverage / Weight (approx) pag",high
gt2025-c176,4,BR,11,Fated,300×450mm,,Glossy,6,10.00,9,Wall,Tiles,Wall Tiles,gt-2025-p10-t4-clean.webp,/assets/catalogue/clean_swatches/gt-2025-p10-t4-clean.webp,": , 7 | : : : | : 2 | = : | | or 7. - 7 S ‘ 1 } { . 56234-L : _ _ -. “yy 4 ¢ ae. € Lo < A ‘ ’ \ Vo. . Vo. "" Lo _ . ‘. ‘ oe: .y . : ee YY ‘ s ae ax s r r . _f ra wy ra 7 rs ot \ ’ cg f ¥ | ’ * . , —_ q","DIGITAL WALL TILES Size : BATHROOM SERIES 12”x18"" | 300x450mm G lossy","93 . 6 Pcs 9 Sq. Ft. 10.00 Kgs. aae-18 12°x18"" Wall Tiles / Packing / Coverage / Weight (approx) pag",high
gt2025-c177,1,TL,12,56180-HL,300×300mm,,Glossy,,,,Wall,Tiles,Wall Tiles,gt-2025-p11-t1-clean.webp,/assets/catalogue/clean_swatches/gt-2025-p11-t1-clean.webp,"56180-HL-1 om Se a ez wy ik FS _ = SE SS 0G TE ee me ee od uy ) x 56180-HL-1 RENT a cy Ward PR A Gey Se es eae 561280-D a — OF SU wee tele / te 56180-L is , WV 1 i ly In S&S SBREE | , | N y ee Ef wy l",,"OO ————————————————————————————eeeeeeeeeeererererer page-1 ? 12°x18"" Wall Tiles / Packing / Coverage / Weight apron",high
gt2025-c178,2,BL,12,56181-HL,300×300mm,,Glossy,,,,Wall,Tiles,Wall Tiles,gt-2025-p11-t2-clean.webp,/assets/catalogue/clean_swatches/gt-2025-p11-t2-clean.webp,"a —- AE SRE SD eee ee ee eee SS 56181-HL-1 == r en (a “Say . ; ro, | my _ a Re? ss SESS PE i PE i Pe =_ 4 gy y . . Z : é YF er a ir Ga fp Bea a Sou f, a 4 a) aan } oe . AJ ie ; | = ed ? - &' , pe by a",,"OO ————————————————————————————eeeeeeeeeeererererer page-1 ? 12°x18"" Wall Tiles / Packing / Coverage / Weight apron",high
gt2025-c179,3,TR,12,56210-HL,300×450mm,,Glossy,,,,Wall,Tiles,Wall Tiles,gt-2025-p11-t3-clean.webp,/assets/catalogue/clean_swatches/gt-2025-p11-t3-clean.webp,"as oe ud “4 56210-HL-1 Ce BS ron ge Boe a ve i: a (7 | ) at pete int ae hn dee ee Om | fe et eal i wy! ; ae I | aw _s mn ge , J ! , ‘ ae | aa a OD BY 56210-HL-1 ! Be Sp ee eg RY: . ~@ «=e on ae ¢ Gr E","DIGITAL WALL TILES Size : BATHROOM SERIES 12”x18"" | 300x450mm G lossy","ee a 12°x18"" Wall Tiles / Packing / Coverage / Weight (approx) pag",high
gt2025-c180,4,BR,12,Oiierranss,300×450mm,,Glossy,,,,Wall,Tiles,Wall Tiles,gt-2025-p11-t4-clean.webp,/assets/catalogue/clean_swatches/gt-2025-p11-t4-clean.webp,"al : : ra ib : ad RE Colle Ne © EAN 0 TRS! ¥e = e we + veal ‘ re ) “ we § Po ty ‘ AN . S : a ea S&S “e e J MA Raw, °*, o ATs ee bd eo. ° Sr . , ‘: ee YO a ent ' mee?) \ rae. ""me . - - v we ‘ ; a Gy Hi","DIGITAL WALL TILES Size : BATHROOM SERIES 12”x18"" | 300x450mm G lossy","ee a 12°x18"" Wall Tiles / Packing / Coverage / Weight (approx) pag",high
gt2025-c181,1,TL,13,44142-HL,300×300mm,,Glossy,,,,Wall,Tiles,Wall Tiles,gt-2025-p12-t1-clean.webp,/assets/catalogue/clean_swatches/gt-2025-p12-t1-clean.webp,"| Pe ee SK) | oh, oh, | £%, : See : 32,8,8,8,8,8.8.3 tte at | ‘ 2 KKK KICK 44142-HL-1 a LS : ‘s . *s & x i re Rites WL 1, ee 7 ""on"" ao & B > _ % # sy Sra i! RIOR, * F og oe S| Fe BESSOOOUOG OI IG m St",,page-21 12”x18” Wall Tiles / Packing / Coverage / Weight (aperox),high
gt2025-c182,2,BL,13,Cokin,300×300mm,,Glossy,,,,Wall,Tiles,Wall Tiles,gt-2025-p12-t2-clean.webp,/assets/catalogue/clean_swatches/gt-2025-p12-t2-clean.webp,"est a Rees Wate tee : “OB: »-@:¢ : fi aly, ee 4 co | i Dra : F >< nr a C ) C ) nef. * > Boot fet, es ine a. UM CATE —wawa Ae = WS ? = rae [aL Cokin CCAR AD [OPM Cae}, Na} peer ee PO i oo > 2d tN se? P",,page-21 12”x18” Wall Tiles / Packing / Coverage / Weight (aperox),high
gt2025-c183,3,TR,13,55006-HL,300×450mm,,Glossy,,,,Wall,Tiles,Wall Tiles,gt-2025-p12-t3-clean.webp,/assets/catalogue/clean_swatches/gt-2025-p12-t3-clean.webp,5006-HL-1 i STAB ce SS 55 Seay ion re Ce Fs > S ; Fi —.- ; ‘ | £ ve Af .% » * hia = Bes VW sty OV ty OV za VO —— Br GAs EAS EAT EAM DAM SD — ) 5M) <8 NN6-D | \ 55006-L AF BAP BAS Bd poe oe Bi < ‘i we ,"DIGITAL WALL TILES Size : BATHROOM SERIES 12”x18"" | 300x450mm G lossy","55127-F i ee—C—C“‘C#S’CCSC 12°x18"" Wall Tiles / Packing / Coverage / Weight laperox) page-22",high
gt2025-c184,4,BR,13,55127-HL,300×450mm,,Glossy,,,,Wall,Tiles,Wall Tiles,gt-2025-p12-t4-clean.webp,/assets/catalogue/clean_swatches/gt-2025-p12-t4-clean.webp,"_ woe =~ =) oe 7 § & < WW in i, = 55127-HL-1 2 LK af | % a 1S) 5 = ee - Cab) r= . PXtxe (fee } se eae? Gs ee 2 © shh Je en + vy > SANga — . Soy Ct — ee S~- — o, <r,” Fos & < Ie aS 7, * Dy i Pigs oF _ ","DIGITAL WALL TILES Size : BATHROOM SERIES 12”x18"" | 300x450mm G lossy","55127-F i ee—C—C“‘C#S’CCSC 12°x18"" Wall Tiles / Packing / Coverage / Weight laperox) page-22",high
gt2025-c185,1,TL,14,Pewteie,300×300mm,,Glossy,,,,Wall,Tiles,Wall Tiles,gt-2025-p13-t1-clean.webp,/assets/catalogue/clean_swatches/gt-2025-p13-t1-clean.webp,"oS _.. — —- OT , . 2 ' _ ot : | ious Ps ; - oe . ». epee ye Bye oM, Meise pete tage wa. ~ by or “a Faye ere Fu) ec ai Se a ear erat i, i = y | Oy CA RPy Rta » a La i” [err Pewteie Ay, peerage ty tags ",,"OO ————————————————————————————eeeeeeerererererererer page-23 12°x18"" Wall Tiles / Packing / Coverage / Weight apron",high
gt2025-c186,2,BL,14,Hl-1,300×300mm,,Glossy,,,,Wall,Tiles,Wall Tiles,gt-2025-p13-t2-clean.webp,/assets/catalogue/clean_swatches/gt-2025-p13-t2-clean.webp,55186-HL-1 | | OE SP ELS FP AOL CLS MEPL 6 PE MEO Vs Seer 55185-L pe on,,"OO ————————————————————————————eeeeeeerererererererer page-23 12°x18"" Wall Tiles / Packing / Coverage / Weight apron",high
gt2025-c187,3,TR,14,Parana,300×450mm,,Glossy,,,,Wall,Tiles,Wall Tiles,gt-2025-p13-t3-clean.webp,/assets/catalogue/clean_swatches/gt-2025-p13-t3-clean.webp,"fee ] 7 : Us Fe OO eo Fe ea oS ge TBS ga Rg gE we gt & ge, GE he ge OF & g CoO 1000 (PLAIN WHITE) | ape ak. go 28 Rath go 8 Hatt “ oS eee, ty er 1 meee SONG , ye . . a) rr a a) : =: 3S 7 oS aad ees « ","DIGITAL WALL TILES Size : BATHROOM SERIES 12”x18"" | 300x450mm G lossy","55209-D i S—SCSSCCC 12°x18"" Wall Tiles / Packing / Coverage / Weight (aperox) page-24",high
gt2025-c188,4,BR,14,Otrr,300×450mm,,Glossy,,,,Wall,Tiles,Wall Tiles,gt-2025-p13-t4-clean.webp,/assets/catalogue/clean_swatches/gt-2025-p13-t4-clean.webp,"&: : . "" : v r — -— . R Rs Bi a vl eae’? 5 ' N — See . — te . ° 3 Sf on ae: i “34 é ut . , »* rn a . me « A ; Jf, eat, ~ SA FS 4 ane . = ae! ae . rt i4 ° a , .! an } . an my i. bot ‘ oe, yp nn . my “y","DIGITAL WALL TILES Size : BATHROOM SERIES 12”x18"" | 300x450mm G lossy","55209-D i S—SCSSCCC 12°x18"" Wall Tiles / Packing / Coverage / Weight (aperox) page-24",high
gt2025-c189,1,TL,15,N0220-Hi-T,300×300mm,,Glossy,6,10.00,9,Wall,Tiles,Wall Tiles,gt-2025-p14-t1-clean.webp,/assets/catalogue/clean_swatches/gt-2025-p14-t1-clean.webp,"a an ""« a dg cas, a ' , n0220-HI-t (2 2 Wire. : , br —— , oor Re oy 7 . ‘ iz \ 5 7 a = . of _y -_ | ow Lt _— 11 a ee . ee ” s . . Ty 4 — | 55224-L : = - “th, c . a7 A ! 7 "" . ry at 7 . . / ‘ _e ual a ",,a . 6 Pcs 9 Sq. Ft. / 10.00 Kgs. 99 39 page-25 12”x18” Wall Tiles / Packing / Coverage Weight (approx),high
gt2025-c190,2,BL,15,Megha,300×300mm,,Glossy,6,10.00,9,Wall,Tiles,Wall Tiles,gt-2025-p14-t2-clean.webp,/assets/catalogue/clean_swatches/gt-2025-p14-t2-clean.webp,". Megha! pa) . ‘ H a a ers. ef fo 4 ww, * ba i es Fr “_— * ea pe Ly ry — . ay a ‘ nes af” : ae ae 2 i —_ : |. ro ; a om, te. Ss ae am > ia s . oe > a i ; a. ae ‘ | | , i ' ‘ | ee 55232-L ta 2. aT, RSE",,a . 6 Pcs 9 Sq. Ft. / 10.00 Kgs. 99 39 page-25 12”x18” Wall Tiles / Packing / Coverage Weight (approx),high
gt2025-c191,3,TR,15,55262-HL,300×450mm,,Glossy,6,10.00,9,Wall,Tiles,Wall Tiles,gt-2025-p14-t3-clean.webp,/assets/catalogue/clean_swatches/gt-2025-p14-t3-clean.webp,"55262-HL-2 . | , wh 1 i au 7 : ‘ m eA . : , -—— : ae lies a . i 4” a 2 4 ae a Te , S57 ay —— ay + ae Pa ] A va oe £. uv * “* anal ha - ‘ } 7 , it anal a. 3 i ‘ay | \) "" Vv « ONES os "" —"" *. ein . > ca","DIGITAL WALL TILES Size : BATHROOM SERIES 12”x18"" | 300x450mm G lossy","oo a 9 9 . 6 Pcs 9 Sq. Ft. 10.00 Kgs. aae-26 12°x18"" Wall Tiles / Packing / Coverage / Weight (approx) pag",high
gt2025-c192,4,BR,15,5332-HL,300×450mm,,Glossy,6,10.00,9,Wall,Tiles,Wall Tiles,gt-2025-p14-t4-clean.webp,/assets/catalogue/clean_swatches/gt-2025-p14-t4-clean.webp,"== 2 = = | : : : oa a4 ea See ede AF he tiie - - ua wa i ee a : %s Sg oe een aa aati Pp ee | | we . — Qe 4 ee 5 & < ‘ re , : a“! ‘ » __ Ss ® wey . . , moe! . ee) fe ee . F P nas A fra, a ft <“ . “ ~ =","DIGITAL WALL TILES Size : BATHROOM SERIES 12”x18"" | 300x450mm G lossy","oo a 9 9 . 6 Pcs 9 Sq. Ft. 10.00 Kgs. aae-26 12°x18"" Wall Tiles / Packing / Coverage / Weight (approx) pag",high
gt2025-c193,1,TL,16,55394-HL,300×300mm,,Glossy,,,,Wall,Tiles,Wall Tiles,gt-2025-p15-t1-clean.webp,/assets/catalogue/clean_swatches/gt-2025-p15-t1-clean.webp,Vi —_. 55394-HL-1 ' 55394-HL-1 —= = 55394-L \ | Sees . Se EL . as |,,page-27 12x18” Wall Tiles / Packing / Coverage / Weight apron),high
gt2025-c194,2,BL,16,55444-HL,300×300mm,,Glossy,,,,Wall,Tiles,Wall Tiles,gt-2025-p15-t2-clean.webp,/assets/catalogue/clean_swatches/gt-2025-p15-t2-clean.webp,": ; - e ; 7 T , at Ba eae. 2 Pies ae = eS ee ee eee eT) Ss. SS 55444-HL-1 ee ENG ars Mame Urs as fC aay Pest ered 4a == 2 aes a ~ <o,- - . nike * es Tr Se, ere Ber eee ee Sit wee oo % 4 . ; a ok ede .",,page-27 12x18” Wall Tiles / Packing / Coverage / Weight apron),high
gt2025-c195,3,TR,16,Hl-2,300×450mm,,Glossy,,,,Wall,Tiles,Wall Tiles,gt-2025-p15-t3-clean.webp,/assets/catalogue/clean_swatches/gt-2025-p15-t3-clean.webp,"55455-HL-2 a _ wo ae oo oe ae nd oe, ee Te ™: . ~~ _ ~ ee, oe ~ ee ae me — ~~ ee 7 rp = tt | | 0 a oa . | ="" en eae _. ~~ i, 7 SS | _,. | nS ae ‘ , oe eR ele eee 0% oe. 7 Bm e re} *","DIGITAL WALL TILES Size : BATHROOM SERIES 12”x18"" | 300x450mm G lossy",a 12°x18” Wall Tiles / Packing / Coverage / Weight (approx) pag,high
gt2025-c196,4,BR,16,55462-HL,300×450mm,,Glossy,,,,Wall,Tiles,Wall Tiles,gt-2025-p15-t4-clean.webp,/assets/catalogue/clean_swatches/gt-2025-p15-t4-clean.webp,"55462-HL-1 Utes. he “ae Dery f< 55462-HL-1 Se Be -—s \ \ Ne hig , of vay - | L ‘ | . . ms 9 | + S \ Ly 55462-L a 55462-HL-1 ST","DIGITAL WALL TILES Size : BATHROOM SERIES 12”x18"" | 300x450mm G lossy",a 12°x18” Wall Tiles / Packing / Coverage / Weight (approx) pag,high
gt2025-c197,1,TL,17,55568-HL,300×300mm,,Glossy,,,,Wall,Tiles,Wall Tiles,gt-2025-p16-t1-clean.webp,/assets/catalogue/clean_swatches/gt-2025-p16-t1-clean.webp,"55568-HL-1 | _ 5 aT 55568-HL-1 ; Es ) & ———————— ada per F "" \ ee . Qevences \ ne -_ — ; —< - ; pel . . . > 55568-D a , == =—: . : tome nll Be —* eS a — SS Ea | ee Rr ee ee ee eee 55568-HL-1 . ee FOO ",,"page-29 12°x18"" Wall Tiles / Packing / Coverage / Weight apron",high
gt2025-c198,2,BL,17,55644-HL,300×300mm,,Glossy,,,,Wall,Tiles,Wall Tiles,gt-2025-p16-t2-clean.webp,/assets/catalogue/clean_swatches/gt-2025-p16-t2-clean.webp,". o cat EES 1 ..!4 a 55644-HL-1 a A 1 al oS acne oat me = I Ww? S | 55644-HL-1 ee eee es ee 2) e oe ad wi :, —— oe eg _ % bo a "" > ~ hu ¢ oY ii ~ —_ E rs = : 4 , a a - — °° & ak 55644-L z wit i O te x",,"page-29 12°x18"" Wall Tiles / Packing / Coverage / Weight apron",high
gt2025-c199,3,TR,17,55656-HL,300×450mm,,Glossy,,,,Wall,Tiles,Wall Tiles,gt-2025-p16-t3-clean.webp,/assets/catalogue/clean_swatches/gt-2025-p16-t3-clean.webp,"55656-HL-1 ws “ss . ,) og a 4 Be *, , bali als oe % bg Jee og Ae D ay Sh i ¥ © . aay Qe v — 55656-HL-1 ats, wie —s = , SESS ee z SERENE OCH ON BAS ee ap” Sarees ea a NHL Se SS - ee S44, eee S Ff Bc Po","DIGITAL WALL TILES Size : BATHROOM SERIES 12”x18"" | 300x450mm G lossy","a 12°x18"" Wall Tiles / Packing / Coverage / Weight (approx) Pag",high
gt2025-c200,4,BR,17,55754-HL,300×450mm,,Glossy,,,,Wall,Tiles,Wall Tiles,gt-2025-p16-t4-clean.webp,/assets/catalogue/clean_swatches/gt-2025-p16-t4-clean.webp,"—— foo: : = > ee ee Z > - ’ > ; — Pad "" 55754-HL-1 — — . - wore wr a aie _ - ai” Pe “ at ttl ill ar ne ra ” : ~ em: : - ene f yin - a - - —— = - = me — ee: , : ee = ee 5 : . re r -_— “ . - ° —_— “i - ","DIGITAL WALL TILES Size : BATHROOM SERIES 12”x18"" | 300x450mm G lossy","a 12°x18"" Wall Tiles / Packing / Coverage / Weight (approx) Pag",high
gt2025-c201,1,TL,18,Bevan,300×300mm,,Glossy,,,,Wall,Tiles,Wall Tiles,gt-2025-p17-t1-clean.webp,/assets/catalogue/clean_swatches/gt-2025-p17-t1-clean.webp,"at. fs 1 a , 7 ; “f \ ; , { q ; | | 1 Mise. a C we “7 se ae t i. | a > 4 “a Lhe vey i hte ‘ { irae ca > NOX oad “ME Po Sige Te ae os. eet ie 3 fee Re cGy Bae » TNT Se ee en i . baad eo a. 2 SER A $ te",,"OO ————————————————————————e—eeeeeeeererererererrr page-31 12°x18"" Wall Tiles / Packing / Coverage / Weight apron",high
gt2025-c202,2,BL,18,55806-HL,300×300mm,,Glossy,,,,Wall,Tiles,Wall Tiles,gt-2025-p17-t2-clean.webp,/assets/catalogue/clean_swatches/gt-2025-p17-t2-clean.webp,55806-HL-3 = —_ et: = ———— —— a ae 55806-HL-3 [ —— = | ) - = : Se = |= a 55806-HL-3 | 1 . Saal | i SS eT = ————SSS = 2 Peery ae 55806-HL-3 | —— eo,,"OO ————————————————————————e—eeeeeeeererererererrr page-31 12°x18"" Wall Tiles / Packing / Coverage / Weight apron",high
gt2025-c203,3,TR,18,Satnnansereey,300×450mm,,Glossy,6,10.00,9,Wall,Tiles,Wall Tiles,gt-2025-p17-t3-clean.webp,/assets/catalogue/clean_swatches/gt-2025-p17-t3-clean.webp,"an es =, ee ° . | | : ~ - . : . . am ; : "" aN 56050-HL-1 . | ‘ , » we , AN wf ° a ; : =_—- i a. emetig | oe ere wp at be 27 Fg at . ae Ee Sr oo 56050-L re an. ew panes as satnnansereey g ~~ ; nd : . u","DIGITAL WALL TILES Size : BATHROOM SERIES 12”x18"" | 300x450mm G lossy",= RR 9 . 6 Pcs 9 Sq. Ft. 10.00 Kgs. aae-32 12°x18” Wall Tiles / Packing / Coverage / Weight (approx) pag,high
gt2025-c204,4,BR,18,9056-HL,300×450mm,,Glossy,6,10.00,9,Wall,Tiles,Wall Tiles,gt-2025-p17-t4-clean.webp,/assets/catalogue/clean_swatches/gt-2025-p17-t4-clean.webp,") me 9056-HL-1 z A “ raecaenca Poe: e a , = 1 74. y ° ~ . — P ol bes sd . . ind *7 —, _ ~ a oy ee = nel. . is — | . - ~ 5 | wm nl ls 4 el ee - + f : le ee ll cee ll | i 9056-L “4 e | el , i | i | od 9","DIGITAL WALL TILES Size : BATHROOM SERIES 12”x18"" | 300x450mm G lossy",= RR 9 . 6 Pcs 9 Sq. Ft. 10.00 Kgs. aae-32 12°x18” Wall Tiles / Packing / Coverage / Weight (approx) pag,high
gt2025-c205,1,TL,19,Spw-131-Hl-2,300×450mm,"12""×18""",Glossy,,,,Wall,Tiles,Wall Tiles,gt-2025-p18-t1-clean.webp,/assets/catalogue/clean_swatches/gt-2025-p18-t1-clean.webp,SPW-131-HL-2 = a = : a _ . ae ) ——— = | _ — . Beppo | ; ; SPW-131-L =f. <i,"\ DIGITAL WALL TILES Size : BATROOM SERIES 12""x18"" | 300x450mm Glossy",page-33 12”x18” Wall Tiles / Packing / Coverage / Weight (aperox),high
gt2025-c206,2,BL,19,Spw-40-Hl-1,300×450mm,"12""×18""",Glossy,,,,Wall,Tiles,Wall Tiles,gt-2025-p18-t2-clean.webp,/assets/catalogue/clean_swatches/gt-2025-p18-t2-clean.webp,Na: Re ase Ne AOA ee SP \ Ry a4 Ay wie “ & ood Ay . SPW-40-HL-1 NN it aia \) AN SCO NT SEA E. aal he SOHN Se IKI ANL if .,"\ DIGITAL WALL TILES Size : BATROOM SERIES 12""x18"" | 300x450mm Glossy",page-33 12”x18” Wall Tiles / Packing / Coverage / Weight (aperox),high
gt2025-c207,3,TR,19,Cal,300×450mm,,Glossy,6,10.00,9,Wall,Tiles,Wall Tiles,gt-2025-p18-t3-clean.webp,/assets/catalogue/clean_swatches/gt-2025-p18-t3-clean.webp,"e ""s . =- -. ; . i. we vy Cal 55228-H L-1 , 7 7 4 ae a rm ka 55228-L _ ‘ . oR 7s 7 'D","DIGITAL WALL TILES Size : KITCHEN SERIES 12”x18"" | 300x450mm G lossy","a a : 6 Pcs 9 Sq. Ft. 10.00 Kgs. aae-34 12°x18"" Wall Tiles / Packing / Coverage / Weight (approx) pag",high
gt2025-c208,4,BR,19,Lets,300×450mm,,Glossy,6,10.00,9,Wall,Tiles,Wall Tiles,gt-2025-p18-t4-clean.webp,/assets/catalogue/clean_swatches/gt-2025-p18-t4-clean.webp,"55790-L \ °.. : | , | bo 55790-L | | a. \ oe — eK. ot oa lets ev. BY Hh \ Q pa . A |","DIGITAL WALL TILES Size : KITCHEN SERIES 12”x18"" | 300x450mm G lossy","a a : 6 Pcs 9 Sq. Ft. 10.00 Kgs. aae-34 12°x18"" Wall Tiles / Packing / Coverage / Weight (approx) pag",high
gt2025-c209,1,TL,20,Hl-2,300×300mm,,Glossy,,,,Wall,Tiles,Wall Tiles,gt-2025-p19-t1-clean.webp,/assets/catalogue/clean_swatches/gt-2025-p19-t1-clean.webp,@e wa EF wh Bey Es 56806-HL-2 aa oe 56806-L Se coe ',,"Pe”, aC page-35 12”x18” Wall Tiles / Packing / Coverage / Weight (apcrox)",high
gt2025-c210,2,BL,20,56013-HL,300×300mm,,Glossy,,,,Wall,Tiles,Wall Tiles,gt-2025-p19-t2-clean.webp,/assets/catalogue/clean_swatches/gt-2025-p19-t2-clean.webp,> ep Peas (hans ae DS en i a 56013-HL-3-RANDOM Pee El C |&l> 4% 7 De 7. lap — 4D Ben = =p - : seas 3 mnt PP » - ee et s 6013-HL-3-RANDOM 2 ee eel ag gat Se ane | Cr = 56013-L aps? [sams Sams | Le «a T,,"Pe”, aC page-35 12”x18” Wall Tiles / Packing / Coverage / Weight (apcrox)",high
gt2025-c211,3,TR,20,Anal,300×450mm,,Glossy,,,,Wall,Tiles,Wall Tiles,gt-2025-p19-t3-clean.webp,/assets/catalogue/clean_swatches/gt-2025-p19-t3-clean.webp,"/ | : , ) : . 7 ) | : | ° | | : : , : | ».- yor , . . . “a+ het , aA we “~ ' 4 | ~ ese. ' 7 f anal | a te e had - ; — + fe iat 2a _ toa “ —_ \ ’ 1 ’ . Pon - eee ee _* . oy TE "" vy py . ae mens ' . - —","DIGITAL WALL TILES Size : KITCHEN SERIES 12”x18"" | 300x450mm G lossy","12°x18"" Wall Tiles / Packing / Coverage / Weight (approx) Pag",high
gt2025-c212,4,BR,20,Gas,300×450mm,,Glossy,,,,Wall,Tiles,Wall Tiles,gt-2025-p19-t4-clean.webp,/assets/catalogue/clean_swatches/gt-2025-p19-t4-clean.webp,| ||| Aa —s | LJ | B. “gas =» (Ta. “Gn “4 | *. ‘a | aes | SS i = 7 — — _ |,"DIGITAL WALL TILES Size : KITCHEN SERIES 12”x18"" | 300x450mm G lossy","12°x18"" Wall Tiles / Packing / Coverage / Weight (approx) Pag",high
gt2025-c213,1,TL,21,56197-HL,300×300mm,,Glossy,,,,Wall,Tiles,Wall Tiles,gt-2025-p20-t1-clean.webp,/assets/catalogue/clean_swatches/gt-2025-p20-t1-clean.webp,"56197-HL-1 . ‘4 t ‘ ' ' s s | Ay Zz he t ct 1} ae ¥ vi eae j ; _— oom 2 PY y n= ‘ , ""J A , ' . = a rr e. 7” “ 56197-HL-1 ata © | | ‘ 5 i , Lol \ y vt he oy ew | | Cs) 56197-L — if 4-4 eS i : | 6197-HL",,"OO ——————————————————————————e—eeeeeeeereeeree P age-37 12°x18"" Wall Tiles / Packing / Coverage / Weight (apron",high
gt2025-c214,2,BL,21,ECR1AGA1I,300×300mm,,Glossy,,,,Wall,Tiles,Wall Tiles,gt-2025-p20-t2-clean.webp,/assets/catalogue/clean_swatches/gt-2025-p20-t2-clean.webp,55179-L ts re . ecr1aga1i OO : — _ a,,"OO ——————————————————————————e—eeeeeeeereeeree P age-37 12°x18"" Wall Tiles / Packing / Coverage / Weight (apron",high
gt2025-c215,3,TR,21,56199-HL,300×450mm,,Glossy,6,10.00,9,Wall,Tiles,Wall Tiles,gt-2025-p20-t3-clean.webp,/assets/catalogue/clean_swatches/gt-2025-p20-t3-clean.webp,", ‘ ' U f i il A i f i || d | rh > i = 56199-L el | — iF | 56199-L 56199-HL-1 | (| ( 1 _ i : () ym i","DIGITAL WALL TILES Size : POOJAROOM SERIES 12”x18"" | 300x450mm G lossy","a : 6 Pcs 9 Sq. Ft. 10.00 Kgs. aae-38 12°x18"" Wall Tiles / Packing / Coverage / Weight (approx) pag",high
gt2025-c216,4,BR,21,Wee,300×450mm,,Glossy,6,10.00,9,Wall,Tiles,Wall Tiles,gt-2025-p20-t4-clean.webp,/assets/catalogue/clean_swatches/gt-2025-p20-t4-clean.webp,wee : ' } 7 ! “ PT : . ™ ~“ — ee ? 3 . ad * - OCC ; “~ 8 i 3 : — 5) : . —~) . . a a ‘ ‘ ; . : A. | - w rg *,"DIGITAL WALL TILES Size : POOJAROOM SERIES 12”x18"" | 300x450mm G lossy","a : 6 Pcs 9 Sq. Ft. 10.00 Kgs. aae-38 12°x18"" Wall Tiles / Packing / Coverage / Weight (approx) pag",high
gt2025-c217,1,TL,22,Yaiian,300×300mm,,Glossy,,,,Wall,Tiles,Wall Tiles,gt-2025-p21-t1-clean.webp,/assets/catalogue/clean_swatches/gt-2025-p21-t1-clean.webp,"a a ae ee mete | : a, — —— > eg . aoe al : ew FC o-,.ar oe Age See We , ere eee a a — = ‘yaiian, ‘ai A “al Raia “ae _.. ""ig, A 5 ess ""aw, NI. x eee i ™ Ra, eee o> an, = xz a at ee aS 2a, Soi FS ae A T",,"page-39 12”x18"" Wall Tiles / Packing / Coverage / Weight (approx)",high
gt2025-c218,2,BL,22,Nefay,300×300mm,,Glossy,,,,Wall,Tiles,Wall Tiles,gt-2025-p21-t2-clean.webp,/assets/catalogue/clean_swatches/gt-2025-p21-t2-clean.webp,". 4 7 mY ~ a a we - es “— wort SC . OG? a | = BRE f Et. a — alm. - ~ pene | ¥ %. a - 7 ae + * wep TS ty Lee. i $7 tech ek, = oe - © mee . =. im fe. wR 2sFe. ae ne oe ee 55 Bee ‘amar 9: re neFay ; x ae",,"page-39 12”x18"" Wall Tiles / Packing / Coverage / Weight (approx)",high
gt2025-c219,3,TR,22,El-77264,300×450mm,,Glossy,,,,Wall,Tiles,Wall Tiles,gt-2025-p21-t3-clean.webp,/assets/catalogue/clean_swatches/gt-2025-p21-t3-clean.webp,"_- -+ ~ . : i ee eee —_ ~ ae. = . ” ore a ee Oe aoe oe ee — a Let eee eee a, ae RR Sn ae : « — preaueat—aeras pee my * va! rey ee) SIN ey L » 4 Et te, Aaah RL <5 - ros encore re ee een ax x SV te es a","DIGITAL WALL TILES Size : ELEVATION SERIES 12”x18"" | 300x450mm G lossy","12°x18"" Wall Tiles / Packing / Coverage / Weight (approx) pag",high
gt2025-c220,4,BR,22,Aralarers,300×450mm,,Glossy,,,,Wall,Tiles,Wall Tiles,gt-2025-p21-t4-clean.webp,/assets/catalogue/clean_swatches/gt-2025-p21-t4-clean.webp,""" on 7 . _ a _ ek er rr i i l, Hy, a re nan ee lb . , . * - oo aS ' ’ * a eel - . ett. . _¢ No ba ne % an of . . : aor ge Doe « - sae . a ee : ra soto ""oe. . oe ry pe et re t . , o” eee -, SL ee ' te ","DIGITAL WALL TILES Size : ELEVATION SERIES 12”x18"" | 300x450mm G lossy","12°x18"" Wall Tiles / Packing / Coverage / Weight (approx) pag",high
gt2025-c221,1,TL,23,R-7,300×300mm,,Glossy,,,,Wall,Tiles,Wall Tiles,gt-2025-p22-t1-clean.webp,/assets/catalogue/clean_swatches/gt-2025-p22-t1-clean.webp,"| i a | . ‘ : bs a : ao A ce SS 2 Bicad . = es “ “ se"" re —— Zz . on ae. mee “? ) ~ o ° a b + é . = \t a a hl nae Soir “fe a | ee Fa =e. ae” Gee “Gacees 7» 3 We ‘ Se : — © ~ - oa s 4+ mie . J te PT C=",,page-41 12”x18” Wall Tiles / Packing / Coverage / Weight apron,high
gt2025-c222,2,BL,23,User,300×300mm,,Glossy,,,,Wall,Tiles,Wall Tiles,gt-2025-p22-t2-clean.webp,/assets/catalogue/clean_swatches/gt-2025-p22-t2-clean.webp,i? — a oe ~ - - : . “wo il . Pi he ia =e 7 oo ce . Tm TTY a ere re ore Tye User es wk pce Fe 7k Fee aes pare oe is —-_ pis . — “ a een oe _ i ll “i .-,,page-41 12”x18” Wall Tiles / Packing / Coverage / Weight apron,placeholder
gt2025-c223,3,TR,23,El-Fd-202,300×450mm,,Glossy,,,,Wall,Tiles,Wall Tiles,gt-2025-p22-t3-clean.webp,/assets/catalogue/clean_swatches/gt-2025-p22-t3-clean.webp,"‘ 0 . we “S'. Pa lige , ve WWMe’. “208 e, . ! : - Np * i am - . a < , ~ af . . . Sg 4 | sas cee o at ER Gals a - ; iH r% a he 98s, . ""yf! ade ® a . ao te veg ’ ie 4 . ~ ; + wy, “ah no w. 4 ar : , af e","DIGITAL WALL TILES Size : ELEVATION SERIES 12”x18"" | 300x450mm G lossy","12°x18"" Wall Tiles / Packing / Coverage / Weight (approx) Pag",high
gt2025-c224,4,BR,23,,300×450mm,,Glossy,,,,Wall,Tiles,Wall Tiles,gt-2025-p22-t4-clean.webp,/assets/catalogue/clean_swatches/gt-2025-p22-t4-clean.webp,_ ~ ~ .,"DIGITAL WALL TILES Size : ELEVATION SERIES 12”x18"" | 300x450mm G lossy","12°x18"" Wall Tiles / Packing / Coverage / Weight (approx) Pag",placeholder
gt2025-c225,1,TL,24,El-1015,300×450mm,,Glossy,5,9.00,7.5,Wall,Tiles,Wall Tiles,gt-2025-p23-t1-clean.webp,/assets/catalogue/clean_swatches/gt-2025-p23-t1-clean.webp,"a. —_—, - rosa ‘. eS eT — AR a hae teh yf ae ee iat? cae Beet Rae Dian 0 any I of Fie nl 3 7 ep oN es afd . 7 ( AY mare, Ay at . is oy iy: ae dee or Kedah Con! oh ine . = ! 4 ‘ ? ” a _ | - — AR eae, e","y 12”x18"" | 300x450mm J ”",9 9 . 5 Pcs 7.5 Sq. Ft. 9.00 Kgs. page-43 12”x18” Wall Tiles / Packing / Coverage / Weight (approx),high
gt2025-c226,2,BL,24,Anyya,300×450mm,,Glossy,5,9.00,7.5,Wall,Tiles,Wall Tiles,gt-2025-p23-t2-clean.webp,/assets/catalogue/clean_swatches/gt-2025-p23-t2-clean.webp,"a y o =. ee . ‘ ee : - Sor - Ve 7 oF an ' ae a p a a i Nt ne \ r ae rae aw eye mi ‘ ANYYA\ } Ao, Ne Eee ‘. SN yo gees eo OM * ame | : a on Be aa wots yes | . we wn Up yt . : eh, vee P . . . ae . . ‘ e","y 12”x18"" | 300x450mm J ”",9 9 . 5 Pcs 7.5 Sq. Ft. 9.00 Kgs. page-43 12”x18” Wall Tiles / Packing / Coverage / Weight (approx),high
gt2025-c227,3,TR,24,El-1953,300×450mm,,Glossy,5,9.00,7.5,Wall,Tiles,Wall Tiles,gt-2025-p23-t3-clean.webp,/assets/catalogue/clean_swatches/gt-2025-p23-t3-clean.webp,"a | _ _ . ; ) . , Ps & SE: . “ ; . a, | : 2 My a ry 24. ; . : Pg ‘ - . i : ‘ me | - Lie | . _ woop, a Toe - | . EL-1953","WALL TILES Size?! Sugar HIGH DEPTH ELEVATION SERIES 12°x18"" | 300x450mm J","34 9 5 Pcs 7.5 Sq. Ft. / 9.00 Kgs. aae-44 12°x18"" Wall Tiles / Packing / Coverage / Weight (approx) Pag",high
gt2025-c228,4,BR,24,Alemeati,300×450mm,,Glossy,5,9.00,7.5,Wall,Tiles,Wall Tiles,gt-2025-p23-t4-clean.webp,/assets/catalogue/clean_swatches/gt-2025-p23-t4-clean.webp,"CC . a eo | - _ , ’ ~ oe , . at gaunt , + me vw goat » , Pr? oe ae tf eo @ —_ — vt = ote i aa = or ee You *ee_ a Dy a ae alemeati _ —— 5 = - — ;","WALL TILES Size?! Sugar HIGH DEPTH ELEVATION SERIES 12°x18"" | 300x450mm J","34 9 5 Pcs 7.5 Sq. Ft. / 9.00 Kgs. aae-44 12°x18"" Wall Tiles / Packing / Coverage / Weight (approx) Pag",high
gt2025-c229,1,TL,25,El-A-16,300×450mm,"12""×18""",Glossy,,,,Wall,Tiles,Wall Tiles,gt-2025-p24-t1-clean.webp,/assets/catalogue/clean_swatches/gt-2025-p24-t1-clean.webp,Be Bie i - oe aoc ee oT es _- tres a - oe. eg men _ 2 ie ‘ EL-A-16 EL-,"N Size : V. . fh ~ 12""x18"" | 300x450mm | YOrMS",page-45 12”x18” Wall Tiles / Packing / Coverage / Weight aprox),high
gt2025-c230,2,BL,25,Seats,300×450mm,"12""×18""",Glossy,,,,Wall,Tiles,Wall Tiles,gt-2025-p24-t2-clean.webp,/assets/catalogue/clean_swatches/gt-2025-p24-t2-clean.webp,"| ) Ee eS 2 oe 2. S ee ee Wee er, -_—‘': ae de i ! a ‘ , eR at! — r l. - oF i e P hy i. x _ Wet pee OR SEE a . ~~ we Seats ; Oo ayo st me hee er ae A Ay ae TH ~~","N Size : V. . fh ~ 12""x18"" | 300x450mm | YOrMS",page-45 12”x18” Wall Tiles / Packing / Coverage / Weight aprox),high
gt2025-c231,3,TR,25,El-K-02,300×450mm,"12""×18""",Glossy,5,9.00,7.5,Wall,Tiles,Wall Tiles,gt-2025-p24-t3-clean.webp,/assets/catalogue/clean_swatches/gt-2025-p24-t3-clean.webp,"i ; oo. ; —. ee ° : - , ne a | 3 “& 3 a 8 n ! ! ce . — { oo, ee | | | , EL-K-02 ~ EL-! meee .",". ®) WALL TILES Size : Varnish HIGH DEPTH ELEVATION SERIES 12""x18"" | 300x450mm Finish","19.4 O99 5 Pcs 7.5 Sq. Ft. / 9.00 Kgs. aae-46 12”x18"" Wall Tiles / Packing / Coverage / Weight (approx) pag",high
gt2025-c232,4,BR,25,Raga,300×450mm,"12""×18""",Glossy,5,9.00,7.5,Wall,Tiles,Wall Tiles,gt-2025-p24-t4-clean.webp,/assets/catalogue/clean_swatches/gt-2025-p24-t4-clean.webp,"ae ° al | a . . ~ raga a . _# = i i \ @ *, =.” ""i yg * woe oo . at ee ° a <et Ge : ~ - L. - . . ° a: °* @ «. a , . . ~~ @& | | i NARS ; | | :",". ®) WALL TILES Size : Varnish HIGH DEPTH ELEVATION SERIES 12""x18"" | 300x450mm Finish","19.4 O99 5 Pcs 7.5 Sq. Ft. / 9.00 Kgs. aae-46 12”x18"" Wall Tiles / Packing / Coverage / Weight (approx) pag",high
gt2025-c233,1,TL,26,El-3011,300×450mm,,Glossy,5,9.00,7.5,Wall,Tiles,Wall Tiles,gt-2025-p25-t1-clean.webp,/assets/catalogue/clean_swatches/gt-2025-p25-t1-clean.webp,"| | , 4 ; | : = | Be ; . Lo ‘ - + Mee fe te ae woot g. cn, boll WO OE 8) Gi ee : 7s OM A pA Bde LON UL. et ABs 9% 25, to : _ OE SE ee fh eee Ag eg: § * . = , » SI aR - ta oss hrs. te) Fanny ted BEN ° ","y 12”x18"" | 300x450mm J ”",3 9 . 5 Pcs 7.5 Sq. Ft. 9.00 Kgs. page-47 12x18” Wall Tiles / Packing / Coverage / Weight aprox),high
gt2025-c234,2,BL,26,Babee,300×450mm,,Glossy,5,9.00,7.5,Wall,Tiles,Wall Tiles,gt-2025-p25-t2-clean.webp,/assets/catalogue/clean_swatches/gt-2025-p25-t2-clean.webp,"a | | | : } - . . ; . | . ; oo +. en - a : , ¥ - 1 | rhe a ‘ Peas. oe os lesa 5: ' ae Me ee! ee ihe - a) ae SUAS (Ve os ene er rr tee cot oe _ - elo kee cre 7 _ i _ : a a oy ) } - - - &: a ‘ . Pegs, v","y 12”x18"" | 300x450mm J ”",3 9 . 5 Pcs 7.5 Sq. Ft. 9.00 Kgs. page-47 12x18” Wall Tiles / Packing / Coverage / Weight aprox),high
gt2025-c235,3,TR,26,Black,300×450mm,,Glossy,,,,Wall,Tiles,Wall Tiles,gt-2025-p25-t3-clean.webp,/assets/catalogue/clean_swatches/gt-2025-p25-t3-clean.webp,= = ret PLAIN BLACK PLAIN OR PLAIN BLACK PLAIN OR ff,"DIGITAL WALL TILES Size : SPECIAL COLOR SERIES 12”x18"" | 300x450mm G lossy","12°x18"" Wall Tiles / Packing / Coverage / Weight (approx) Pag",high
gt2025-c236,4,BR,26,Haene,300×450mm,,Glossy,,,,Wall,Tiles,Wall Tiles,gt-2025-p25-t4-clean.webp,/assets/catalogue/clean_swatches/gt-2025-p25-t4-clean.webp,ae haene,"DIGITAL WALL TILES Size : SPECIAL COLOR SERIES 12”x18"" | 300x450mm G lossy","12°x18"" Wall Tiles / Packing / Coverage / Weight (approx) Pag",high
gt2025-c237,1,TL,27,Seeks,300×300mm,,Glossy,,,,Wall,Tiles,Wall Tiles,gt-2025-p26-t1-clean.webp,/assets/catalogue/clean_swatches/gt-2025-p26-t1-clean.webp,"See ED oe A os A oe Bee MD oe A oe EW on : Big Lae Oe ONG ON OTR eee oe : Seg seeks ti See Wye seeks ti ait : BN MM MM MM MM ER HSER LER LER L, ER LEW LEW Ld",\ Size - VITRIFIED BODY,page-49 16”x16” Parking Tiles / packing / Weight lapcrox),high
gt2025-c238,2,BL,27,Elian,300×300mm,,Glossy,,,,Wall,Tiles,Wall Tiles,gt-2025-p26-t2-clean.webp,/assets/catalogue/clean_swatches/gt-2025-p26-t2-clean.webp,": oe : . se WU ORS es % oF ¥ ves ""oe ate ae m: es Ob SS Pas Elian ERM YS Me YOM 6 i 2 EPS we Wty i ie sels < o = B,J % BI ¥e oy £ - Sob tae is ees = oy A me Re SEL ORS arty Ee Or I= oS Se 22, eK afte ",\ Size - VITRIFIED BODY,page-49 16”x16” Parking Tiles / packing / Weight lapcrox),high
gt2025-c239,3,TR,27,F003,400×400mm,"16""×16""",Glossy,5,18.00,,Wall,Tiles,Wall Tiles,gt-2025-p26-t3-clean.webp,/assets/catalogue/clean_swatches/gt-2025-p26-t3-clean.webp,"q , a ; 7 “~ a_i ian r to a a ,* MERA “n°? et. ST ee et 4 ~ \ 7 ou, “<Se Opts . st i, Sen A, Ane CN Aoo™ “a > ag oe, be ied \ 1 “ 2 Lf vy .o : . ’ et “. A ae! Ba ; . 4 a A dl + F: + 2*. ws Re ft . ate","DIGITAL FLOOR TILES Size» |. YIRIIED 200v VITRIFIED BODY 16""x16"" | 400x400mm PARKING",99 . . 5 Pcs 18.00 Kgs. aae-50 16”x16” Parking Tiles / Packing / Weight (approx) pag,high
gt2025-c240,4,BR,27,Wetted,400×400mm,"16""×16""",Glossy,5,18.00,,Wall,Tiles,Wall Tiles,gt-2025-p26-t4-clean.webp,/assets/catalogue/clean_swatches/gt-2025-p26-t4-clean.webp,"2 Fare © yy RO, os : FF <. Tee, >. PS ee os cx . Vi :, Zh aot ewe © PP AE, eee Fee RRL Naas ed VE Fp, Orig h, FeO Dr DRY Coes yoked rig ohne eyo Em Cs Ne pe Do ay Sof ; £3 ASS Fy ; ay oe ss es? or A’ ","DIGITAL FLOOR TILES Size» |. YIRIIED 200v VITRIFIED BODY 16""x16"" | 400x400mm PARKING",99 . . 5 Pcs 18.00 Kgs. aae-50 16”x16” Parking Tiles / Packing / Weight (approx) pag,high
gt2025-c241,1,TL,28,,300×300mm,,Glossy,,18.00,,Wall,Tiles,Wall Tiles,gt-2025-p27-t1-clean.webp,/assets/catalogue/clean_swatches/gt-2025-p27-t1-clean.webp,>< ><a >< ><a,\ Size - VITRIFIED BODY,99 99 . . 5 P 18.00 Kgs. page-51 16”x16” Parking Tiles / Packing / Weight (apcrox),placeholder
gt2025-c242,2,BL,28,Lene,300×300mm,,Glossy,,18.00,,Wall,Tiles,Wall Tiles,gt-2025-p27-t2-clean.webp,/assets/catalogue/clean_swatches/gt-2025-p27-t2-clean.webp,a eS Cn Y @ 3 . : lene eegg --_ \' . 7 -* . ~ Pe 8 New ra wad foe wee a NY ee h,\ Size - VITRIFIED BODY,99 99 . . 5 P 18.00 Kgs. page-51 16”x16” Parking Tiles / Packing / Weight (apcrox),high
gt2025-c243,3,TR,28,,400×400mm,"16""×16""",Glossy,,18.00,,Wall,Tiles,Wall Tiles,gt-2025-p27-t3-clean.webp,/assets/catalogue/clean_swatches/gt-2025-p27-t3-clean.webp,"- , } ° | . 7 me ON . a “~ ~. ~","DIGITAL FLOOR TILES Size» |. YIRIIED 200v VITRIFIED BODY 16""x16"" | 400x400mm PARKING",— 5P 18.00 Kgs. 59 16”x16” Parking Tiles / pry / wernttartem page,low
gt2025-c244,4,BR,28,Vagal,400×400mm,"16""×16""",Glossy,,18.00,,Wall,Tiles,Wall Tiles,gt-2025-p27-t4-clean.webp,/assets/catalogue/clean_swatches/gt-2025-p27-t4-clean.webp,"— a C2 -. -- . ays 7 f a / f (grt - 32 ; fre “ 7 Pa ae , oe a ~ / A Mf . a Py . - | ae , a. o oo é; a me Te id ® a — ae E fe a ee . f al . - =~. - ~ - Poe, we fn * a. : eo. (ee acne: (n', 7 . . o _~ :","DIGITAL FLOOR TILES Size» |. YIRIIED 200v VITRIFIED BODY 16""x16"" | 400x400mm PARKING",— 5P 18.00 Kgs. 59 16”x16” Parking Tiles / pry / wernttartem page,high
gt2025-c245,1,TL,29,Besley,300×300mm,,Glossy,5,18.00,,Wall,Tiles,Wall Tiles,gt-2025-p28-t1-clean.webp,/assets/catalogue/clean_swatches/gt-2025-p28-t1-clean.webp,". ae set _ - : . eer CL. . +. , a : tos an wo .. a 3 ee ee. oo ey on a ie . ’ hae . oat . se t ‘ . 7. 8 soe ot 4 ee oe eae ek Se Co Ped wig Ma oS mee. she os : ete a ose . . i Sad . - ef Pym ot ep AS ",\ Size - VITRIFIED BODY,a . . 5 Pcs 18.00 Kgs. page-53 16”x16” Parking Tiles / Packing Weight lapcrox),high
gt2025-c246,2,BL,29,Odmone,300×300mm,,Glossy,5,18.00,,Wall,Tiles,Wall Tiles,gt-2025-p28-t2-clean.webp,/assets/catalogue/clean_swatches/gt-2025-p28-t2-clean.webp,"ce oft - “Le . ; +. : - _+ a oo : . . - i? ae. t “ow? . mo, - . - ns < - * . - - . - ne - rc- - - . _ Ps . - 5 -- - . - - : : -. . - - - 7 - a ° . - . - : . > - Joe - : « . vot : : ° T —. "". ae see ~ ",\ Size - VITRIFIED BODY,a . . 5 Pcs 18.00 Kgs. page-53 16”x16” Parking Tiles / Packing Weight lapcrox),high
gt2025-c247,3,TR,29,,400×400mm,"16""×16""",Glossy,,18.00,,Wall,Tiles,Wall Tiles,gt-2025-p28-t3-clean.webp,/assets/catalogue/clean_swatches/gt-2025-p28-t3-clean.webp,-™° > om -™° > om,"DIGITAL FLOOR TILES Size» |. YIRIIED 200v VITRIFIED BODY 16""x16"" | 400x400mm PARKING",aw 5P 18.00 Kgs. 5A 16”x16” Parking Tiles / pry / werrttarten page,low
gt2025-c248,4,BR,29,Cs-S,400×400mm,"16""×16""",Glossy,,18.00,,Wall,Tiles,Wall Tiles,gt-2025-p28-t4-clean.webp,/assets/catalogue/clean_swatches/gt-2025-p28-t4-clean.webp,"on ' : bw Y cae - oe 4 & es osmt a: het > _ Es ct Te - : “ yee ar yr ‘a ” a _ a, SRT ») ~ oy =. ~) — *) —— - eR Sera - rte - les oe ae . . . - Wea . oy ee mw, - eee , fe eg Th ED Be ol TES et _ aan a ","DIGITAL FLOOR TILES Size» |. YIRIIED 200v VITRIFIED BODY 16""x16"" | 400x400mm PARKING",aw 5P 18.00 Kgs. 5A 16”x16” Parking Tiles / pry / werrttarten page,high
gt2025-c249,1,TL,30,We-8,300×300mm,,Glossy,,,,Wall,Tiles,Wall Tiles,gt-2025-p29-t1-clean.webp,/assets/catalogue/clean_swatches/gt-2025-p29-t1-clean.webp,"ACA . . a. Ea. he . =. . , a . . . ~ * . ‘ ..* . =. ~~ . 7 » YW AOA AAA \ a a. aS > ‘ “— Ss: ~~ SACRA ASAD ~— ‘ Me ‘ AA A A Oa OAS ‘ . . ONAL ‘ Ss “Gh, Se OE: . “>.< ; =, * SOSA AN a we ~D,' ‘a, 8 AA ",\ Size - VITRIFIED BODY,page-55 16”x16” Parking Tiles / Prekny | wenn Kos.,high
gt2025-c250,2,BL,30,Faia,300×300mm,,Glossy,,,,Wall,Tiles,Wall Tiles,gt-2025-p29-t2-clean.webp,/assets/catalogue/clean_swatches/gt-2025-p29-t2-clean.webp,ae ! =e Faia | ssa as yy,\ Size - VITRIFIED BODY,page-55 16”x16” Parking Tiles / Prekny | wenn Kos.,high
gt2025-c251,3,TR,30,Riser,400×400mm,"16""×16""",Glossy,5,18.00,,Wall,Tiles,Wall Tiles,gt-2025-p29-t3-clean.webp,/assets/catalogue/clean_swatches/gt-2025-p29-t3-clean.webp,"~ s “4 wo + eS rm” ."". . _ . 3s » ND Xe PY fe. ¥y t: LUNN: a . > a * w Ne: 2. | Lt, *%. Fe 4 vey awe d me Oe tas aN w Oe RS . < eh RO x wr, + ce F : 2 2 Ra a . a ° AK vee A . OS. .:s ‘as A Poe ths, ; ","DIGITAL FLOOR TILES Size» |. YIRIIED 200v VITRIFIED BODY 16""x16"" | 400x400mm PARKING",ee . . 5 Pcs 18.00 Kgs. 59 59 16”x16” Parking Tiles / Packing / Weight (approx) page-56,high
gt2025-c252,4,BR,30,Bessette,400×400mm,"16""×16""",Glossy,5,18.00,,Wall,Tiles,Wall Tiles,gt-2025-p29-t4-clean.webp,/assets/catalogue/clean_swatches/gt-2025-p29-t4-clean.webp,"e — is ‘ Voy ren dat a ‘ = ‘4 aes aM woe yn - aan a BF a is — Soa a Ps. sofags dee ses. , MIS LZEBEE PPFaGS Bessette SRS e ee eee ron OS wn LS tga gy 28 2 ee.s f: ‘wes. % > Se —_~< SSL 2 arn nN errs 2","DIGITAL FLOOR TILES Size» |. YIRIIED 200v VITRIFIED BODY 16""x16"" | 400x400mm PARKING",ee . . 5 Pcs 18.00 Kgs. 59 59 16”x16” Parking Tiles / Packing / Weight (approx) page-56,high
gt2025-c253,1,TL,31,Eoresambccce,300×300mm,,Glossy,,,,Wall,Tiles,Wall Tiles,gt-2025-p30-t1-clean.webp,/assets/catalogue/clean_swatches/gt-2025-p30-t1-clean.webp,NOE Sela ®t NOE Sela ®t . - Rte e™ BASS Ihr eed Shot Sainte Shot Sainte f- a o . ee f- a o . ee Cee - Vs Octet's Cre a ) acini bay ae ’ Peale. bay bye ae ’ Pa. bay oe see . [ ae ~ ’ i. ee see . [ ae ~,\ Size - VITRIFIED BODY,OO —SCSC“‘Cés page-57 16”x16” Parking Tiles / Packing Weight (approx),high
gt2025-c254,2,BL,31,Sereeebors (1),300×300mm,,Glossy,,,,Wall,Tiles,Wall Tiles,gt-2025-p30-t2-clean.webp,/assets/catalogue/clean_swatches/gt-2025-p30-t2-clean.webp,"7 oe - 2 as ae _! ea 28 aon wae par ce - - . - ~ - ea woo aa . nS ee ae a oa . i ie Wy ~~ J ens Gere ae ae f _ aan ~ . aes vie vat one ~ : ~ pe P etry aAT on + a —"" ; < ee, - > SL . > Sa ”: > wae! at ",\ Size - VITRIFIED BODY,OO —SCSC“‘Cés page-57 16”x16” Parking Tiles / Packing Weight (approx),high
gt2025-c255,3,TR,31,Aia,400×400mm,"16""×16""",Glossy,,18.00,,Wall,Tiles,Wall Tiles,gt-2025-p30-t3-clean.webp,/assets/catalogue/clean_swatches/gt-2025-p30-t3-clean.webp,ee? Me aia a0 fs Oe ac,"DIGITAL FLOOR TILES Size» |. YIRIIED 200v VITRIFIED BODY 16""x16"" | 400x400mm PARKING",aw 5P 18.00 Kgs. 58 16”x16” Parking Tiles / prey / werrttartem page,high
gt2025-c256,4,BR,31,Peotote,400×400mm,"16""×16""",Glossy,,18.00,,Wall,Tiles,Wall Tiles,gt-2025-p30-t4-clean.webp,/assets/catalogue/clean_swatches/gt-2025-p30-t4-clean.webp,"a, “ee el ~~ pa Pa SIL fo SN oy -S, P ghee ie 23 Sf SFIOOs. Ses Pane ed! ae le o ie op e.. ge ‘os b Ne = LP 2¥. gv. ‘5 Be, -! = 4 Ss Dee -y . a | Ke ies see E fs ai DCTS (SR ees wf! se Gy; x eS ea? Pe","DIGITAL FLOOR TILES Size» |. YIRIIED 200v VITRIFIED BODY 16""x16"" | 400x400mm PARKING",aw 5P 18.00 Kgs. 58 16”x16” Parking Tiles / prey / werrttartem page,high
gt2025-c257,1,TL,32,,300×300mm,,Glossy,,18.00,,Wall,Tiles,Wall Tiles,gt-2025-p31-t1-clean.webp,/assets/catalogue/clean_swatches/gt-2025-p31-t1-clean.webp,,\ Size - VITRIFIED BODY,99 D . . 5 P 18.00 Kgs. page-59 16”x16” Parking Tiles / Packing / Weight (apcrox),placeholder
gt2025-c258,2,BL,32,Jeep,300×300mm,,Glossy,,18.00,,Wall,Tiles,Wall Tiles,gt-2025-p31-t2-clean.webp,/assets/catalogue/clean_swatches/gt-2025-p31-t2-clean.webp,"a a, Se we 4°. wv. tr we Jeep ® , . : ve fo.’ “es ~ Zi a ee OS Naa Se Te. ‘ a we! ’ ¢ ~—: ae ae se o- . era . rad . : : Riek bas f “ee rh. so. ar ro oon mn 3 ee oF : aan i . BRO Bee 7d. en Se TN LT ay",\ Size - VITRIFIED BODY,99 D . . 5 P 18.00 Kgs. page-59 16”x16” Parking Tiles / Packing / Weight (apcrox),high
gt2025-c259,3,TR,32,Prtiad,400×400mm,"16""×16""",Glossy,5,18.00,,Wall,Tiles,Wall Tiles,gt-2025-p31-t3-clean.webp,/assets/catalogue/clean_swatches/gt-2025-p31-t3-clean.webp,". 4 | a i € ores . an vy! 4 wae - .o - i ae . in ow ae is 3; . . a ¥ re em ‘ at : i a . . i ¥ Pe a oa, opt f = i aan ""Fg re f f = x font if tly > } cout wit f rly * ; fa ptt re, - ae ee -' . - - iF i ","DIGITAL FLOOR TILES Size» |. YIRIIED 200v VITRIFIED BODY 16""x16"" | 400x400mm PARKING",i” . . 5 Pcs 18.00 Kgs. aae-60 16”x16” Parking Tiles / Packing / Weight (approx) pag,high
gt2025-c260,4,BR,32,Cld,400×400mm,"16""×16""",Glossy,5,18.00,,Wall,Tiles,Wall Tiles,gt-2025-p31-t4-clean.webp,/assets/catalogue/clean_swatches/gt-2025-p31-t4-clean.webp,ee —— —_ T rs : CLD: hig OED ll fh {een . 6b ir a _ Bee - a ‘ 77 me sod a -' <a a Ys o? a 4 aa * . —_,"DIGITAL FLOOR TILES Size» |. YIRIIED 200v VITRIFIED BODY 16""x16"" | 400x400mm PARKING",i” . . 5 Pcs 18.00 Kgs. aae-60 16”x16” Parking Tiles / Packing / Weight (approx) pag,high
gt2025-c261,1,TL,33,Jeceatin,300×300mm,,Glossy,,18.00,,Wall,Tiles,Wall Tiles,gt-2025-p32-t1-clean.webp,/assets/catalogue/clean_swatches/gt-2025-p32-t1-clean.webp,"a i a i AeA iy ped aato at at eee ida ain : ; eer aE eae , ne OR ERLY ire aetatie ea ate . : Tee eX 7 Roe 7 Niro on . ae: ates a a SOR ZENG Rae , : iP Beats eens ; gate | : Oe gre STZ . rae i S wee “ ",\ Size - VITRIFIED BODY,99 99 . . 5 P 18.00 Kgs. page-61 16”x16” Parking Tiles / Packing / Weight (apcrox),high
gt2025-c262,2,BL,33,Figaro,300×300mm,,Glossy,,18.00,,Wall,Tiles,Wall Tiles,gt-2025-p32-t2-clean.webp,/assets/catalogue/clean_swatches/gt-2025-p32-t2-clean.webp,"woes. aa - ehtee rcp - of - Seg. -0 a a tte - fa - my - ° Te Te one a -- cand ie OP ge Ow mS See Wie ~ ee awe. <n. mr es,” eg : . ete ge hy cae WP Dao wots ae te 7) . , Figaro REET 8 ag pe ' §f * Pad ",\ Size - VITRIFIED BODY,99 99 . . 5 P 18.00 Kgs. page-61 16”x16” Parking Tiles / Packing / Weight (apcrox),high
gt2025-c263,3,TR,33,Osuens,400×400mm,"16""×16""",Glossy,5,18.00,,Wall,Tiles,Wall Tiles,gt-2025-p32-t3-clean.webp,/assets/catalogue/clean_swatches/gt-2025-p32-t3-clean.webp,"> Oe aes ,OSueg. (oe On cose 22 4.8 86 og be he SOREN y, oSueNs ae (KE ! (eer Ea, seas Qe SP Qe a","DIGITAL FLOOR TILES Size» |. YIRIIED 200v VITRIFIED BODY 16""x16"" | 400x400mm PARKING",99 . . 5 Pcs 18.00 Kgs. aae-62 16”x16” Parking Tiles / Packing / Weight (approx) pag,high
gt2025-c264,4,BR,33,Ona,400×400mm,"16""×16""",Glossy,5,18.00,,Wall,Tiles,Wall Tiles,gt-2025-p32-t4-clean.webp,/assets/catalogue/clean_swatches/gt-2025-p32-t4-clean.webp,ia ona | — 8 ge — Ss ae,"DIGITAL FLOOR TILES Size» |. YIRIIED 200v VITRIFIED BODY 16""x16"" | 400x400mm PARKING",99 . . 5 Pcs 18.00 Kgs. aae-62 16”x16” Parking Tiles / Packing / Weight (approx) pag,high
gt2025-c265,1,TL,34,Vckwezode,300×300mm,,Glossy,,,,Wall,Tiles,Wall Tiles,gt-2025-p33-t1-clean.webp,/assets/catalogue/clean_swatches/gt-2025-p33-t1-clean.webp,"% eo ~ ys 4 fg ?; % Lae ~ Ve ne ey, ‘ RNa oe AIOE ON Vaintaae enc her et} nen ge re ee i Se ‘ies qa “SS, Bre F ; Op Soe, a! i"" Le. Sal Ne ge et te Op ek an: At"" Lan ~ 2 Pegs ee Le yoke . ae. ae . ire ",\ Size - VITRIFIED BODY,page-63 16”x16” Parking Tiles / Prekny | wenn Kos.,high
gt2025-c266,2,BL,34,ANEIEY4,300×300mm,,Glossy,,,,Wall,Tiles,Wall Tiles,gt-2025-p33-t2-clean.webp,/assets/catalogue/clean_swatches/gt-2025-p33-t2-clean.webp,"“ae. Orr Lt ae | q atl Np LEAT, . Lee Ey ee , NS eNY - ray ee BY cae oo BX Yt s wee Bee de Be Aa ON. Jets ryt. . = e.Ye Qt / Li, NA Heyy 4 es Doe ae Me a, Cs a ay ain A PS eh \ Cones Ne ES ales 13 aos",\ Size - VITRIFIED BODY,page-63 16”x16” Parking Tiles / Prekny | wenn Kos.,high
gt2025-c267,3,TR,34,,400×400mm,"16""×16""",Glossy,,18.00,,Wall,Tiles,Wall Tiles,gt-2025-p33-t3-clean.webp,/assets/catalogue/clean_swatches/gt-2025-p33-t3-clean.webp,aN | Zi aN | Zi,"DIGITAL FLOOR TILES Size» |. YIRIIED 200v VITRIFIED BODY 16""x16"" | 400x400mm PARKING",— 5P 18.00 Kgs. 6A 16”x16” Parking Tiles / pry / wernttartem page,low
gt2025-c268,4,BR,34,Deg,400×400mm,"16""×16""",Glossy,,18.00,,Wall,Tiles,Wall Tiles,gt-2025-p33-t4-clean.webp,/assets/catalogue/clean_swatches/gt-2025-p33-t4-clean.webp,"_ * N 7 . = _ we “ . ~ “ : _—_. ; : ~N . we . o d he : : - - “a ~ on : - ei ' L a : _ ‘ ° te = 7 - ~N - “ : deg: a ‘A . 4 ‘ : . "" _— oa ' , ~ a a ,","DIGITAL FLOOR TILES Size» |. YIRIIED 200v VITRIFIED BODY 16""x16"" | 400x400mm PARKING",— 5P 18.00 Kgs. 6A 16”x16” Parking Tiles / pry / wernttartem page,high
gt2025-c269,1,TL,35,Yoy,300×300mm,,Glossy,,18.00,,Wall,Tiles,Wall Tiles,gt-2025-p34-t1-clean.webp,/assets/catalogue/clean_swatches/gt-2025-p34-t1-clean.webp,>Yoy. >Yoy.,\ Size - VITRIFIED BODY,99 9 . . 5 P 18.00 Kgs. page-65 16”x16” Parking Tiles / Packing / Weight lapcrox),high
gt2025-c270,2,BL,35,Emer,300×300mm,,Glossy,,18.00,,Wall,Tiles,Wall Tiles,gt-2025-p34-t2-clean.webp,/assets/catalogue/clean_swatches/gt-2025-p34-t2-clean.webp,"~~ — > = . e \ b ~ t a _.| ed ee, —_—ae > » — oa ee _ st —<— emer - = eee — — _ — ms! . 4 = — —_ ~ ~ at » pe _ —_—™",\ Size - VITRIFIED BODY,99 9 . . 5 P 18.00 Kgs. page-65 16”x16” Parking Tiles / Packing / Weight lapcrox),high
gt2025-c271,3,TR,35,Tels,400×400mm,"16""×16""",Glossy,,18.00,,Wall,Tiles,Wall Tiles,gt-2025-p34-t3-clean.webp,/assets/catalogue/clean_swatches/gt-2025-p34-t3-clean.webp,"Cy, Te NY, y Y ~All es - 4 We Por A. a 6 An 4 SE oy Se SS TELS Te vy S% ae | f 09 v 9","DIGITAL FLOOR TILES Size» |. YIRIIED 200v VITRIFIED BODY 16""x16"" | 400x400mm PARKING",aw 5P 18.00 Kgs. 66 16”x16” Parking Tiles / pry / werrttarten page,high
gt2025-c272,4,BR,35,Coaepouaeene,400×400mm,"16""×16""",Glossy,,18.00,,Wall,Tiles,Wall Tiles,gt-2025-p34-t4-clean.webp,/assets/catalogue/clean_swatches/gt-2025-p34-t4-clean.webp,"Beye ts ie eT Tec PSs 282-7 ae Tan rat ete 7 ae ie “ epee: tee . , Pence. : glean po, yar a. , “« “ao : Ce wa ay my . ee vy Sod ; eens fe Ne ee o. Tore oe . a : 7 re ™~ ris ; 1 © wo "" nd "" nd ie 34 ie","DIGITAL FLOOR TILES Size» |. YIRIIED 200v VITRIFIED BODY 16""x16"" | 400x400mm PARKING",aw 5P 18.00 Kgs. 66 16”x16” Parking Tiles / pry / werrttarten page,high
gt2025-c273,1,TL,36,Rieeaoeers,300×300mm,,Glossy,,18.00,,Wall,Tiles,Wall Tiles,gt-2025-p35-t1-clean.webp,/assets/catalogue/clean_swatches/gt-2025-p35-t1-clean.webp,"he a ar a sd cow * WNPr ER oe Ae ete ae ee Vegeta. cone os ler ites ag te See “ Wests te a: aloes: oa wt a fe: we ath eS TOE wa Ah, Se ce) ; Welt. ey ™ Dla ge S wd Soh en TS ay i. we PS ATE Se eR - : ",\ Size - VITRIFIED BODY,99 99 . . 5 P 18.00 Kgs. page-67 16”x16” Parking Tiles / Packing / Weight (apcrox),high
gt2025-c274,2,BL,36,Ated,300×300mm,,Glossy,,18.00,,Wall,Tiles,Wall Tiles,gt-2025-p35-t2-clean.webp,/assets/catalogue/clean_swatches/gt-2025-p35-t2-clean.webp,"ae | wa 4 A “j ‘ ‘ A BS Lg ‘ = Mea | ' SY ' ~ . era | | ~~ SOR ra \ y | ' A ~ a ij , ® . . ” _ . ° ~~ ‘ \ “og, , ‘ ~ aki : ‘ 5 i? . . ‘ ~ ~ a Bhs (AN - nck te aaa - oP eg = ated -",\ Size - VITRIFIED BODY,99 99 . . 5 P 18.00 Kgs. page-67 16”x16” Parking Tiles / Packing / Weight (apcrox),high
gt2025-c275,3,TR,36,Paagene,400×400mm,"16""×16""",Glossy,,18.00,,Wall,Tiles,Wall Tiles,gt-2025-p35-t3-clean.webp,/assets/catalogue/clean_swatches/gt-2025-p35-t3-clean.webp,"aw iat pitts AN ee ye 7 tae a ee tees Toes a oe St Et raat ym ‘be “4h yew ar i 7 . ke - - . +. 7. ‘ % ” . ere ao on Ok an 7 ve *. + . Ok Myo Tha tere, eee: 4 Bara ari “ , eee 7 Yer At a. ee a i ae A) ","DIGITAL FLOOR TILES Size» |. YIRIIED 200v VITRIFIED BODY 16""x16"" | 400x400mm PARKING",— 5P 18.00 Kgs. 468 16”x16” Parking Tiles / prey / wernttartem page,high
gt2025-c276,4,BR,36,Repens,400×400mm,"16""×16""",Glossy,,18.00,,Wall,Tiles,Wall Tiles,gt-2025-p35-t4-clean.webp,/assets/catalogue/clean_swatches/gt-2025-p35-t4-clean.webp,". ta ee Oe 2 eo. . uo. \ EE a ey - wl oege “oe ‘ yes NR te . . “ we Wee an Pa a, - . re ri oe . ” en . . . aS. oN ~ ‘ a Ye 5 . . rire Gans) . iN Nn ten . ; AY repens “ , OM cai, a“ y . fe “4 . ., Tay ","DIGITAL FLOOR TILES Size» |. YIRIIED 200v VITRIFIED BODY 16""x16"" | 400x400mm PARKING",— 5P 18.00 Kgs. 468 16”x16” Parking Tiles / prey / wernttartem page,high
gt2025-c277,1,TL,37,Soares,300×300mm,,Glossy,,18.00,,Wall,Tiles,Wall Tiles,gt-2025-p36-t1-clean.webp,/assets/catalogue/clean_swatches/gt-2025-p36-t1-clean.webp,"464 on 464 on a Woo tee tee tl eae ose 4 2 5 : 7 TIT ys peur 2 : 4 2 5 : 7 TIT ys peur 2 cog ait _= . v ot clog ai _= . v . . a ar . . -, y . a ar "" . -, . t . t an a wg an ~ wg ’ ~- ’ . . hy . hy * A",\ Size - VITRIFIED BODY,99 D . . 5 P 18.00 Kgs. page-69 16”x16” Parking Tiles / Packing / Weight (apcrox),high
gt2025-c278,2,BL,37,Meno,300×300mm,,Glossy,,18.00,,Wall,Tiles,Wall Tiles,gt-2025-p36-t2-clean.webp,/assets/catalogue/clean_swatches/gt-2025-p36-t2-clean.webp,"qq: as — en — _ Meno: . * 4 a _ aa ae os 2 gs nat oe —T ad pa es oo . _ e i & | “7. s @& a a, 4 1 “a ‘ , , < ‘ fa - . « .@, | — an 2 aon . ° a, : a . - ; — * < a - 78 a” » s a . . “S. a ater a7 Sane w",\ Size - VITRIFIED BODY,99 D . . 5 P 18.00 Kgs. page-69 16”x16” Parking Tiles / Packing / Weight (apcrox),high
gt2025-c279,3,TR,37,Issssssusssss,400×400mm,"16""×16""",Glossy,,,,Wall,Tiles,Wall Tiles,gt-2025-p36-t3-clean.webp,/assets/catalogue/clean_swatches/gt-2025-p36-t3-clean.webp,oo . +-Be toy - a. . : 4 . 8 ’ ‘ ‘ ' en) oes Seeys at ie: ov. athe oe fa eS en) ee ry roe ae oe Poo a Woe oe fa sla he LN ALAA NA LN AL SSSSSSS CSSSS ISSSSSSUSSSSS SSSSSSs SOSSS ISSSSSSISSSSS SSSSSSS ,"DIGITAL FLOOR TILES Size» |. YIRIIED 200v VITRIFIED BODY 16""x16"" | 400x400mm PARKING",16”x16” Parking Tiles / Packing / Weight (approx) pag,high
gt2025-c280,4,BR,37,S-22,400×400mm,"16""×16""",Glossy,,,,Wall,Tiles,Wall Tiles,gt-2025-p36-t4-clean.webp,/assets/catalogue/clean_swatches/gt-2025-p36-t4-clean.webp,"a4? - AT eat y can OP an ee ge 7’ _f f wy a of » o >-% in OP ie Se te) ee “a GaP am ye ap { Pe. pet -: Gp Ge 2. ta a eS « <a > | > > & on, hn ee SR as . a cho pet ee PS “=~ & - . » cz) -< —- aiead - >","DIGITAL FLOOR TILES Size» |. YIRIIED 200v VITRIFIED BODY 16""x16"" | 400x400mm PARKING",16”x16” Parking Tiles / Packing / Weight (approx) pag,high
gt2025-c281,1,TL,38,Soaaumens,300×300mm,,Glossy,,,,Wall,Tiles,Wall Tiles,gt-2025-p37-t1-clean.webp,/assets/catalogue/clean_swatches/gt-2025-p37-t1-clean.webp,"' - eee! » u . e——"" SEE Soaaumens | | { | P ag Aneeee _ ag Aneeee eee e 23016 |_|PUNCH 2406 | | — — i ' _ — : t a oo ae > ors a ay <a _ Mts] ae | ""ed Hs — pith | = = a os i (a — Ne NS Th = 7 le zr ma:",\ Size - VITRIFIED BODY,page-71 12”x12” Parking Tiles / Packing / Weight (apse,high
gt2025-c282,2,BL,38,Terre,300×300mm,,Glossy,,,,Wall,Tiles,Wall Tiles,gt-2025-p37-t2-clean.webp,/assets/catalogue/clean_swatches/gt-2025-p37-t2-clean.webp,"an a a i, ic ree in a e- —e sw - - > - — i ae * <1 pes - We SP ee ee ee as ~ iE _ . - —_ _"" *: ze ~ z = — se, = se <- . a SS =: Kaan 2 acd “SE os ~ dy a tr a a ae ee ee ae ee Oe = . _ ~F os et te ec Z",\ Size - VITRIFIED BODY,page-71 12”x12” Parking Tiles / Packing / Weight (apse,high
gt2025-c283,3,TR,38,Atiatn,300×300mm,,Glossy,,13.00,,Wall,Tiles,Wall Tiles,gt-2025-p37-t3-clean.webp,/assets/catalogue/clean_swatches/gt-2025-p37-t3-clean.webp,"fe Wey : +t * a i. - Ms se : » te er ae “ ° a a ‘ te Fe + ‘ * ‘ bl ~ bead me . ‘ ‘ i] o ot Ve at aco 7s Cant ran ® ae i Rey i to 4 A we, * x, * . : ron ig * ‘ cates , biee , CORA) | ee st! eae Cae A a","DIGITAL FLOOR TILES Size « |. YTRITIES 200"" VITRIFIED BODY 12""x12” | 300x300mm PARKING","aw 8 P 13.00 Kgs. 79 12”x12” Parking Tiles / pace, / wenn aronn page",high
gt2025-c284,4,BR,38,Iacass,300×300mm,,Glossy,,13.00,,Wall,Tiles,Wall Tiles,gt-2025-p37-t4-clean.webp,/assets/catalogue/clean_swatches/gt-2025-p37-t4-clean.webp,"IaCASS IaCASS ———s na “Sooo fF i <>. , Lt ae —— Oe =","DIGITAL FLOOR TILES Size « |. YTRITIES 200"" VITRIFIED BODY 12""x12” | 300x300mm PARKING","aw 8 P 13.00 Kgs. 79 12”x12” Parking Tiles / pace, / wenn aronn page",high
gt2025-c285,1,TL,39,Whol,300×300mm,,Glossy,,,,Wall,Tiles,Wall Tiles,gt-2025-p38-t1-clean.webp,/assets/catalogue/clean_swatches/gt-2025-p38-t1-clean.webp,sé =e Whol’,\ Size - VITRIFIED BODY,page-73 12”x12” Parking Tiles / Packing / Weight (apcrox),high
gt2025-c286,2,BL,39,P-3053,300×300mm,,Glossy,,,,Wall,Tiles,Wall Tiles,gt-2025-p38-t2-clean.webp,/assets/catalogue/clean_swatches/gt-2025-p38-t2-clean.webp,"as ee ~~: = Reg a :Be: a Vor 22-3 eee ‘ Sas Wy ie = Se 7 a weed pubis 22S a Lil a gay Pe: Oi ee GAS Bars ""27-2 Oy * Te ey ictal oo 4 gir, On: Pe _¥. Bs. Qote on, on gn ‘tebe -32 2. AY a p<’ “ane “4 OC",\ Size - VITRIFIED BODY,page-73 12”x12” Parking Tiles / Packing / Weight (apcrox),high
gt2025-c287,3,TR,39,Camber,300×300mm,,Glossy,,13.00,,Wall,Tiles,Wall Tiles,gt-2025-p38-t3-clean.webp,/assets/catalogue/clean_swatches/gt-2025-p38-t3-clean.webp,. ~~ = pe wt FE TIO UE ~~ = pe et FATS ba ee eae St en ie St a id _ : oa a ai oa ae = <7 — . — me - * : =. re ae -—> al — ——? =. re ae = ~ — a ——! as = Ss = _ = as Ss = _— aia ~~ woe ~ wwe TT oe. woe ,"DIGITAL FLOOR TILES Size « |. YTRITIES 200"" VITRIFIED BODY 12""x12” | 300x300mm PARKING","aw 8 P 13.00 Kgs. 7 12”x12” Parking Tiles / pac, / wenn aren page",high
gt2025-c288,4,BR,39,Eoroeororuearc,300×300mm,,Glossy,,13.00,,Wall,Tiles,Wall Tiles,gt-2025-p38-t4-clean.webp,/assets/catalogue/clean_swatches/gt-2025-p38-t4-clean.webp,TORSO OR OS ED EDEOOED i oa ee $ tnx oni ae UT g ) OCOR UES VLOrW) KOVED SIE VWIEO rd wor = ORS) 02 (Ong (Omg = (Uae = gf SOFVEOF URIS POE OLED eR a cee aus EOROEORORUEARC EOF ORL | fF LR FOO OOO aor ,"DIGITAL FLOOR TILES Size « |. YTRITIES 200"" VITRIFIED BODY 12""x12” | 300x300mm PARKING","aw 8 P 13.00 Kgs. 7 12”x12” Parking Tiles / pac, / wenn aren page",high
gt2025-c289,1,TL,40,Button,300×300mm,,Glossy,,,,Wall,Tiles,Wall Tiles,gt-2025-p39-t1-clean.webp,/assets/catalogue/clean_swatches/gt-2025-p39-t1-clean.webp,a — IV.BUTTON IV.C,\ Size: | PARKING ~ 12”x12” | 300x300mm TILES,page-/5 12”x12” Parking Tiles / Packing / Weight lapcrox),high
gt2025-c290,2,BL,40,Locate,300×300mm,,Glossy,,,,Wall,Tiles,Wall Tiles,gt-2025-p39-t2-clean.webp,/assets/catalogue/clean_swatches/gt-2025-p39-t2-clean.webp,">>> >>> - a . - i a ~ 1 awe ae - te -— cae = » 2 "" « 1 ee ae o sO _ * iat ne - apt a mt Locate ~ ee S ks a | tg ° ea",\ Size: | PARKING ~ 12”x12” | 300x300mm TILES,page-/5 12”x12” Parking Tiles / Packing / Weight lapcrox),high
gt2025-c291,3,TR,40,,600×600mm,,Glossy,4,22.00,,Wall,Tiles,Wall Tiles,gt-2025-p39-t3-clean.webp,/assets/catalogue/clean_swatches/gt-2025-p39-t3-clean.webp,oe,NANO Size: | KAN Ge VITRIFIED TILES 2x2Ft | 600x600mm VITRIFIED TILES,. 4Pcs 22.00 Kgs. aae-76 2x2ft Nano Tiles / Packing / Weight (approx) pag,placeholder
gt2025-c292,4,BR,40,Komee,600×600mm,,Glossy,4,22.00,,Wall,Tiles,Wall Tiles,gt-2025-p39-t4-clean.webp,/assets/catalogue/clean_swatches/gt-2025-p39-t4-clean.webp,"’ ne . . vey vin ' 5 en - ™~ . a \ wt core - ah ; ' . my 4 \ VA ' , : i! wae a . yo AS be oy : yn ws AAS f WH ot Us en P . . SO Mee 4 tyre me : ‘at , i Ss. - a . “ . . - ERS i a He eee a naar"" “* SS A",NANO Size: | KAN Ge VITRIFIED TILES 2x2Ft | 600x600mm VITRIFIED TILES,. 4Pcs 22.00 Kgs. aae-76 2x2ft Nano Tiles / Packing / Weight (approx) pag,high
gt2025-c293,1,TL,41,Elite,300×300mm,,Glossy,4,24.00,,Wall,Tiles,Wall Tiles,gt-2025-p40-t1-clean.webp,/assets/catalogue/clean_swatches/gt-2025-p40-t1-clean.webp,"a eve! Ce Sa 2 ne re *e rz ar (J JA ce f << ¢ ~ “ ye a 7 ee Ya fed A! } a oe we A were ca a crea TS ; "" ay! a: | tae ERS ONG rie, wet ne ate. ote RE ae | *. y, mg: 9d whe hE, « pees J o5 nce “7 $4 ‘ i",,. 4Pcs 24.00 Kgs. page-/77 2x2ft Floor Tiles / Packing / Weight (aperox),high
gt2025-c294,2,BL,41,Ail,300×300mm,,Glossy,4,24.00,,Wall,Tiles,Wall Tiles,gt-2025-p40-t2-clean.webp,/assets/catalogue/clean_swatches/gt-2025-p40-t2-clean.webp,"oj 5 s ail a t , “ t . ; i 4 <A",,. 4Pcs 24.00 Kgs. page-/77 2x2ft Floor Tiles / Packing / Weight (aperox),high
gt2025-c295,3,TR,41,Stires,600×600mm,,Glossy,4,24.00,,Wall,Tiles,Wall Tiles,gt-2025-p40-t3-clean.webp,/assets/catalogue/clean_swatches/gt-2025-p40-t3-clean.webp,"ae - vn a“ , 44"", se: ye 7 He“, tf lie or 5 el GAw + “4 Fae eee OT LS, yn. * Pl z a4 3 ae UR, ie ae ‘ ay oar iS Fa ot ee eS 5 : ee. ty .%, or a + wat ‘i: aa % 2 A WANES Sy Titan Bee GS AACR PES a EE g",DOUBLE CHARGED Size : ald VITRIFIED TILES 2x2Ft | 600x600mm | Double Charge,"ee ee an ae a a a i, on ei a ar a Sra. a Se aed mer Me we ate mm Te Le ee . 4Pcs 24.00 Kgs. 2x2ft Floor Tiles / Packing / Weight (approx) page-78",high
gt2025-c296,4,BR,41,Secret,600×600mm,,Glossy,4,24.00,,Wall,Tiles,Wall Tiles,gt-2025-p40-t4-clean.webp,/assets/catalogue/clean_swatches/gt-2025-p40-t4-clean.webp,"sage ye 2 FO, SA _ eet .. ="" ~<a"", CX. an 7 - a> ’ an . bts SEE Sor a Bo eS eae wine ee an — oe. F os eee he ge = ea Secret ra FF SSS es Se E ; lio 27 Lt x: - ey oo. ” ep RtnS * 5. or = “<a wi 10x, ap",DOUBLE CHARGED Size : ald VITRIFIED TILES 2x2Ft | 600x600mm | Double Charge,"ee ee an ae a a a i, on ei a ar a Sra. a Se aed mer Me we ate mm Te Le ee . 4Pcs 24.00 Kgs. 2x2ft Floor Tiles / Packing / Weight (approx) page-78",high
gt2025-c297,1,TL,42,Nathan,300×300mm,,Glossy,4,24.00,,Wall,Tiles,Wall Tiles,gt-2025-p41-t1-clean.webp,/assets/catalogue/clean_swatches/gt-2025-p41-t1-clean.webp,"ty ~~ i. - $m Ce pel i HN Se tS ay om ee FT rhea ON ER Es ORR I ee Tee a. SS EA Dae ee i! “ence Ae PONS ae RS Saag eee hg ES pe ee em ae “a fe eeine ee Se fe ae es, . an Ww ae ew ae Slee SYS pK n red ",,| . 4Pcs 24.00 Kgs. page-/9 2x2ft Floor Tiles / Packing / Weight (approx),high
gt2025-c298,2,BL,42,S-53,300×300mm,,Glossy,4,24.00,,Wall,Tiles,Wall Tiles,gt-2025-p41-t2-clean.webp,/assets/catalogue/clean_swatches/gt-2025-p41-t2-clean.webp,"; ~ - 4 : . ~ | | | . + Sere st eg “3 ar i 7 ~ > L : a . a i te : . th S53 . - “eae —- . irae . . eee owe, Sa ee. ee ae rer. it he. ae ee - -~ en” SO es oo wha , Bea i) Sd es ee ne ° | AS ’ a { i RES ",,| . 4Pcs 24.00 Kgs. page-/9 2x2ft Floor Tiles / Packing / Weight (approx),high
gt2025-c299,3,TR,42,Nefeg,600×600mm,,Glossy,4,24.00,,Wall,Tiles,Wall Tiles,gt-2025-p41-t3-clean.webp,/assets/catalogue/clean_swatches/gt-2025-p41-t3-clean.webp,": 28 is Ser cel aah tee ee uray ey rt, Oe ae es BC MES Say age OR a We >! 3 ee an Sia. sit NN SG “8 Nefeg Ae OT ar madd was gee 4 ae, | x a HD Wa “Gg tas ge” ed ‘ete =n eae FP “es Ege pa Re, oe sy eS ",DOUBLE CHARGED Size : ald VITRIFIED TILES 2x2Ft | 600x600mm | Double Charge,. 4Pcs 24.00 Kgs. aae-80 2x2ft Floor Tiles / Packing / Weight (approx) pag,high
gt2025-c300,4,BR,42,Mempgigtae,600×600mm,,Glossy,4,24.00,,Wall,Tiles,Wall Tiles,gt-2025-p41-t4-clean.webp,/assets/catalogue/clean_swatches/gt-2025-p41-t4-clean.webp,"; ae oe : : : : : : Peis 1 5 EE Re ca iz Ta ne A corey eae CRE ASS 6 EAS pe hate £ Sacto a Mares ie s SAA a. ey ge nn A Ce eet me ee . fe RR Ta ae, , i tate pie So tee VS LS Seo. FT A mes BE a sae Ley",DOUBLE CHARGED Size : ald VITRIFIED TILES 2x2Ft | 600x600mm | Double Charge,. 4Pcs 24.00 Kgs. aae-80 2x2ft Floor Tiles / Packing / Weight (approx) pag,high
gt2025-c301,1,TL,43,Shanna,300×300mm,,Glossy,4,24.00,,Wall,Tiles,Wall Tiles,gt-2025-p42-t1-clean.webp,/assets/catalogue/clean_swatches/gt-2025-p42-t1-clean.webp,". =m aos >. Ahr ans ~ rn ew a3. as ae ager gg a cry ' . v “aa TK as eee, aes At: . 7 tree ia te RS + ww oo py <b) eo Lo Ar, nee Re EA tS < vars - 5. 5 ot pase ok PRS EST vt Me ee the 3 ae ONS . 24 Aye",,. 4Pcs 24.00 Kgs. page-81 2x2ft Floor Tiles / Packing / Weight (approx),high
gt2025-c302,2,BL,43,Carercter,300×300mm,,Glossy,4,24.00,,Wall,Tiles,Wall Tiles,gt-2025-p42-t2-clean.webp,/assets/catalogue/clean_swatches/gt-2025-p42-t2-clean.webp,"Sloe SE CFL - r Pee PE se te. , wanrnany VAT Ole am ~ NSS zs a5 are eye ae i ip ay SPR ish ok OR SF, see é eas Ser te - ~~ re? ba L of ~ eh S38 Se Ute, Ba eed "" oat Sy Sse ae >. fy 5 8a > —, eS aa ve.",,. 4Pcs 24.00 Kgs. page-81 2x2ft Floor Tiles / Packing / Weight (approx),high
gt2025-c303,3,TR,43,Woe,600×600mm,,Glossy,4,24.00,,Wall,Tiles,Wall Tiles,gt-2025-p42-t3-clean.webp,/assets/catalogue/clean_swatches/gt-2025-p42-t3-clean.webp,". : | . | | | . | / ; 7 ~. . i . . : . . _—-, - . . . > . , . ~ ' . ° ‘™ . . - - yf . - . . : . : woe . ' - . 1 4‘, ‘ . ° . . . > * . . ra . “wy 7 . a a - . . - a ~ . - ~ . : . : 7 t : - . - . N : . :",DOUBLE CHARGED Size : ald VITRIFIED TILES 2x2Ft | 600x600mm | Double Charge,. 4Pcs 24.00 Kgs. aqe-82 2x2ft Floor Tiles / Packing / Weight (approx) pag,high
gt2025-c304,4,BR,43,A-7,600×600mm,,Glossy,4,24.00,,Wall,Tiles,Wall Tiles,gt-2025-p42-t4-clean.webp,/assets/catalogue/clean_swatches/gt-2025-p42-t4-clean.webp,"Ce . . a > . 7 a P oa - . * . . = > * . = * - - . _ x ‘ - . ee : a a . ‘ = ~ ” ; P - . r AL a S ""s * 7 - * - *. Pl K 7 wt a ' =<. = - —_ =~ = “ ‘ » o j - ~ = | *. ~ bd . Jn “s ‘ > = will , 6G . _— x -",DOUBLE CHARGED Size : ald VITRIFIED TILES 2x2Ft | 600x600mm | Double Charge,. 4Pcs 24.00 Kgs. aqe-82 2x2ft Floor Tiles / Packing / Weight (approx) pag,high
gt2025-c305,1,TL,44,Jtftes,300×300mm,,Glossy,4,24.00,,Wall,Tiles,Wall Tiles,gt-2025-p43-t1-clean.webp,/assets/catalogue/clean_swatches/gt-2025-p43-t1-clean.webp,"roa -%- : Py, Fo tt pa o- - yw a ght TEP Lge FS ay, St ase Re é a y ol i vars mye? ‘oe 2° SF, “et “ eas SERRA coe Bh emt hE EE Fg j he: . Me? eer —"" ' . f ny ba =. a Tl gee eS awe ws hs Ppt Pe rae : e",,i i No a ae oh EY SP eg PA ee AL? -eON Liat at Re 1 OS Og el TO ms et ED | . 4Pcs 24.00 Kgs. page-83 2x2ft Floor Tiles / Packing / Weight (approx),high
gt2025-c306,2,BL,44,Cared,300×300mm,,Glossy,4,24.00,,Wall,Tiles,Wall Tiles,gt-2025-p43-t2-clean.webp,/assets/catalogue/clean_swatches/gt-2025-p43-t2-clean.webp,"eee \. ne Me ‘ 7 , A ™ ° “We , o Me * * ot . i ° oy ‘ ws - we . ‘eo a . oa 4 - 5 te Ne we! np CA ee eee? 2, wife , ‘ ‘ at? oy, \ : OS , : A WW. nf oe . S. ° Vaal , MS Oe “IE re pee ATS LOSE soa - b. G",,i i No a ae oh EY SP eg PA ee AL? -eON Liat at Re 1 OS Og el TO ms et ED | . 4Pcs 24.00 Kgs. page-83 2x2ft Floor Tiles / Packing / Weight (approx),high
gt2025-c307,3,TR,44,Cotas,600×600mm,,Glossy,4,24.00,,Wall,Tiles,Wall Tiles,gt-2025-p43-t3-clean.webp,/assets/catalogue/clean_swatches/gt-2025-p43-t3-clean.webp,"| < | | | . a + s soe 7 ’ ~ . . + - . 7 ~ . . -. ; _ ; : . ~ :- - ‘ . ar) moo. ‘ aie an , on : . , ” - . . - . a . ; . . . . an . . - . . 4 . ms . . . a o . : i . . . ~ . . . . - . . : os rr’ 7. ‘ . .",DOUBLE CHARGED Size - Bs SPECIAL COLOR & VITRIFIED TILES 2x2Ft | 600x600mm Double Char Se,. 4Pcs 24.00 Kgs. aae-84 2x2ft Floor Tiles / Packing / Weight (approx) Pag,high
gt2025-c308,4,BR,44,Voetry,600×600mm,,Glossy,4,24.00,,Wall,Tiles,Wall Tiles,gt-2025-p43-t4-clean.webp,/assets/catalogue/clean_swatches/gt-2025-p43-t4-clean.webp,". _ oF Pn afl Ga . se yA 4 VSN & 4 . ath >. - ‘ ain maa . =e —_ : * em"" agen Sor _' - a ‘e"" Pars Sea - 4g . ae Voetry =. _ , Sd LTD fal Ee pa . eee at tl a _* “¢ we — * . ott Arenal - a . eo . 3 Z a .",DOUBLE CHARGED Size - Bs SPECIAL COLOR & VITRIFIED TILES 2x2Ft | 600x600mm Double Char Se,. 4Pcs 24.00 Kgs. aae-84 2x2ft Floor Tiles / Packing / Weight (approx) Pag,high
gt2025-c309,1,TL,45,Vac,600×600mm,,Glossy,4,25.00,,Wall,Tiles,Wall Tiles,gt-2025-p44-t1-clean.webp,/assets/catalogue/clean_swatches/gt-2025-p44-t1-clean.webp,~ A \ 7'fh yf VAC 4 NA YY rie \Z ) (Sd eh & yj,\ Size: | PORCE LAINvall of 2x2Ft | 600x600mm |M AT T,. 4Pcs 25.00 Kgs. page-85 2x2ft Floor Tiles / Packing / Weight (approx),high
gt2025-c310,2,BL,45,Foreeren,600×600mm,,Glossy,4,25.00,,Wall,Tiles,Wall Tiles,gt-2025-p44-t2-clean.webp,/assets/catalogue/clean_swatches/gt-2025-p44-t2-clean.webp,"os ° . a ed - >"" ae - 7 ae et, + . v4 C7, 7, ame ' . 7. . - . a ~ - ~ -*% cali _ te ons . N ~ ; . ; - - -, . . ’ : . on a % ‘ En 7 ik . Me _ : es . . - a ! u “ . neo <2 ot ae et. soe = . a ue : : . os",\ Size: | PORCE LAINvall of 2x2Ft | 600x600mm |M AT T,. 4Pcs 25.00 Kgs. page-85 2x2ft Floor Tiles / Packing / Weight (approx),high
gt2025-c311,3,TR,45,,600×600mm,,Glossy,4,25.00,,Wall,Tiles,Wall Tiles,gt-2025-p44-t3-clean.webp,/assets/catalogue/clean_swatches/gt-2025-p44-t3-clean.webp,NT cs ww °® on,PORCELAIN Size: | PORCELAINAA MATT TILES 2x2Ft | 600x600mm |M AT T,. 4Pcs 25.00 Kgs. aqe-86 2x2ft Floor Tiles / Packing / Weight (approx) pag,low
gt2025-c312,4,BR,45,Shien,600×600mm,,Glossy,4,25.00,,Wall,Tiles,Wall Tiles,gt-2025-p44-t4-clean.webp,/assets/catalogue/clean_swatches/gt-2025-p44-t4-clean.webp,rs | +>: ms Shien Se a a | | a. Pe Oe. P _ —- _— ~ . ——— yee oo ma P,PORCELAIN Size: | PORCELAINAA MATT TILES 2x2Ft | 600x600mm |M AT T,. 4Pcs 25.00 Kgs. aqe-86 2x2ft Floor Tiles / Packing / Weight (approx) pag,high
gt2025-c313,1,TL,46,Pel,600×600mm,,Glossy,4,25.00,,Wall,Tiles,Wall Tiles,gt-2025-p45-t1-clean.webp,/assets/catalogue/clean_swatches/gt-2025-p45-t1-clean.webp,"eo fe ar Tk ay a . + at . . wo A LS af. a : ¢ R. an , : . : » \ N ye ff pel . ae we . - \ ‘ , we fa ‘a ad - : . > y 1s ‘ % . . 7” oh . Of. “ ute “ ‘ . : G “. fr ae 7 \ MS ~ ’ . he a . ” *., . oe. a a ",\ Size: | PORCE LAINvall of 2x2Ft | 600x600mm |M AT T,. 4Pcs 25.00 Kgs. page-87 2x2ft Floor Tiles / Packing / Weight (approx),high
gt2025-c314,2,BL,46,Git,600×600mm,,Glossy,4,25.00,,Wall,Tiles,Wall Tiles,gt-2025-p45-t2-clean.webp,/assets/catalogue/clean_swatches/gt-2025-p45-t2-clean.webp,"r $y 8 nt 7 om a j i a : I \ e / ~~ ; wr q ‘a “ x ra \ : a ; Y J . . i Gl a re c Ee . / / - ag ' : ’ %, A ; ’ / _ 7"". PM . oo oo De > : . _— «hy Es ¥ . aN _ V # Q 7 . ; . ao fa 7 a git",\ Size: | PORCE LAINvall of 2x2Ft | 600x600mm |M AT T,. 4Pcs 25.00 Kgs. page-87 2x2ft Floor Tiles / Packing / Weight (approx),high
gt2025-c315,3,TR,46,Viral,600×600mm,,Glossy,4,25.00,,Wall,Tiles,Wall Tiles,gt-2025-p45-t3-clean.webp,/assets/catalogue/clean_swatches/gt-2025-p45-t3-clean.webp,"we | 3 wo, (“ Nn “ , yf "" ey” - _- a. li . Nee iN | - ates Jom tot - ; , aon _ os oo ; > hy hh ~ - - te - 7 a 7 a — Po! | aa | an iy pt rh wy uy v ay ee . : vial Viral! ~ We ae ae si! Vat —> a INE. Sh",PORCELAIN Size: | PORCELAINAA MATT TILES 2x2Ft | 600x600mm |M AT T,. 4Pcs 25.00 Kgs. aqe-88 2x2ft Floor Tiles / Packing / Weight (approx) Pag,high
gt2025-c316,4,BR,46,Ponte,600×600mm,,Glossy,4,25.00,,Wall,Tiles,Wall Tiles,gt-2025-p45-t4-clean.webp,/assets/catalogue/clean_swatches/gt-2025-p45-t4-clean.webp,"° ~~ “ . << 4 * ow te —. - ° ww we + ¢ ¢ ¢ ~_- ¢ < < > ~~ - ~~ ef 7 . - ¢ ‘ < ¢ . ~ -_-"" * o N a ¢ Od ~~ sf >we ~~ . ~ © < ¢ ¢ ~~ ww » < ¢ qe ¢€ ~~ - ~~ ~ pe 8 wo - - ¢ - < ~ P) - ~ ’ ~ ¢ - @ <4 _ /’!",PORCELAIN Size: | PORCELAINAA MATT TILES 2x2Ft | 600x600mm |M AT T,. 4Pcs 25.00 Kgs. aqe-88 2x2ft Floor Tiles / Packing / Weight (approx) Pag,high
gt2025-c317,1,TL,47,Nurs,600×600mm,,Glossy,4,25.00,,Wall,Tiles,Wall Tiles,gt-2025-p46-t1-clean.webp,/assets/catalogue/clean_swatches/gt-2025-p46-t1-clean.webp,", ‘ co ° X oy Tt get ’ \ "" : | oo es 5 i. Oe wos . . . . mk, . =, an ry ~ «oe , . ~ . * us a | a to . ~ ‘ — ee OTe ; 4 ‘ 4 * , ~ : a . e- ' . ‘ . » . J . , an . ‘ bat . , oT’ ? “oN , os ~~ . . , Fa ‘ ",\ Size: | PORCE LAINvall of 2x2Ft | 600x600mm |M AT T,. 4Pcs 25.00 Kgs. page-89 2x2ft Floor Tiles / Packing / Weight (aperox),high
gt2025-c318,2,BL,47,Aria,600×600mm,,Glossy,4,25.00,,Wall,Tiles,Wall Tiles,gt-2025-p46-t2-clean.webp,/assets/catalogue/clean_swatches/gt-2025-p46-t2-clean.webp,; { : ie . i iia | . i ae Te law : 7 ~~ w . {> Ree Fo -- Foe ~— >. wy > ee ee Oo = Swe i a aria. i Al ro Fe ——S—s—<( . fA _,\ Size: | PORCE LAINvall of 2x2Ft | 600x600mm |M AT T,. 4Pcs 25.00 Kgs. page-89 2x2ft Floor Tiles / Packing / Weight (aperox),high
gt2025-c319,3,TR,47,,600×600mm,,Glossy,4,25.00,,Wall,Tiles,Wall Tiles,gt-2025-p46-t3-clean.webp,/assets/catalogue/clean_swatches/gt-2025-p46-t3-clean.webp,Y s ty ae N oN A. te oe,PORCELAIN Size: | PORCELAINAA MATT TILES 2x2Ft | 600x600mm |M AT T,. 4Pcs 25.00 Kgs. aae-90 2x2ft Floor Tiles / Packing / Weight (approx) pag,low
gt2025-c320,4,BR,47,Ant,600×600mm,,Glossy,4,25.00,,Wall,Tiles,Wall Tiles,gt-2025-p46-t4-clean.webp,/assets/catalogue/clean_swatches/gt-2025-p46-t4-clean.webp,a CO S| ant 4 SAS,PORCELAIN Size: | PORCELAINAA MATT TILES 2x2Ft | 600x600mm |M AT T,. 4Pcs 25.00 Kgs. aae-90 2x2ft Floor Tiles / Packing / Weight (approx) pag,high
gt2025-c321,1,TL,48,Pars,600×600mm,,Glossy,4,25.00,,Wall,Tiles,Wall Tiles,gt-2025-p47-t1-clean.webp,/assets/catalogue/clean_swatches/gt-2025-p47-t1-clean.webp,"J ; aa fn € : s ‘ a. ‘ pars GAY f . ™ KS in. . . 4 —s a — U ‘ we, b ae DOI ee EES Sad y . ~ Os) O wl aa",\ Size: | PORCE LAINvall of 2x2Ft | 600x600mm |M AT T,. 4Pcs 25.00 Kgs. page-91 2x2ft Floor Tiles / Packing / Weight (aperox),high
gt2025-c322,2,BL,48,Pares,600×600mm,,Glossy,4,25.00,,Wall,Tiles,Wall Tiles,gt-2025-p47-t2-clean.webp,/assets/catalogue/clean_swatches/gt-2025-p47-t2-clean.webp,"ae > = —_ ~~ hii ae - he _ ~ ""ed pares, aS 4 : Ai > 2 1 A — . a ; eet i = . -_ : ul = fe s os Tae q coe — Se : / os s.— ae eS vs ¢. = <a f« y “Ke rae = te ow amy Pte — = ~ —_ Pade, tt Ce et roa ® ’ * ",\ Size: | PORCE LAINvall of 2x2Ft | 600x600mm |M AT T,. 4Pcs 25.00 Kgs. page-91 2x2ft Floor Tiles / Packing / Weight (aperox),high
gt2025-c323,3,TR,48,Araglks,600×600mm,,Glossy,4,25.00,,Wall,Tiles,Wall Tiles,gt-2025-p47-t3-clean.webp,/assets/catalogue/clean_swatches/gt-2025-p47-t3-clean.webp,": ‘Siw eae Sas, mee id ant > AD 5 sig Ws tne ata 8 BY, Ati tt a) ae Sits CS “fd kes eet y 75 araglks Rms ey” * J ” Ve oe. . i on £ PS: py vs te te FRB, Mf “Mit a Be SA ORY ays eee 02 Ha UN ce Sek ts h",PORCELAIN Size: | PORCELAINAA MATT TILES 2x2Ft | 600x600mm |M AT T,a . 4Pcs 25.00 Kgs.,high
gt2025-c324,4,BR,48,Spell,600×600mm,,Glossy,4,25.00,,Wall,Tiles,Wall Tiles,gt-2025-p47-t4-clean.webp,/assets/catalogue/clean_swatches/gt-2025-p47-t4-clean.webp,"7 - od , o- * + . . . . . er eT ae Me a “OE a i LO : nn Am aan rad . = ot. *: w ie. . a ~ . B Loy . : "" ae — 2 -%, . ae 7 spell - . : Sot Pa OS y - "" - ; : : . . . te Oe nr <5 te a A oy er he a . “2 a",PORCELAIN Size: | PORCELAINAA MATT TILES 2x2Ft | 600x600mm |M AT T,a . 4Pcs 25.00 Kgs.,high
gt2025-c325,1,TL,49,A-5,600×600mm,,Glossy,4,25.00,,Wall,Tiles,Wall Tiles,gt-2025-p48-t1-clean.webp,/assets/catalogue/clean_swatches/gt-2025-p48-t1-clean.webp,"a5 14027 ] | 4) mu), ' ; | ' : i t",\ Size: | PORCE LAINvall of 2x2Ft | 600x600mm |M AT T,. 4Pcs 25.00 Kgs. page-93 2x2ft Floor Tiles / Packing / Weight (aperox),high
gt2025-c326,2,BL,49,Apes,600×600mm,,Glossy,4,25.00,,Wall,Tiles,Wall Tiles,gt-2025-p48-t2-clean.webp,/assets/catalogue/clean_swatches/gt-2025-p48-t2-clean.webp,"~—— rf . m a 7 { 1 Woe. LZ. i v am \ 2 ._—s _ 7 -_ a ff ' = - “a Ay \ | \"" arn 1 ‘ | t — fF CO ( ‘ t — 1 = eee ee 1 f i | i i, | “4 | l { | | | Br ec apes oe wer 4 , Ie. : . ™ ¢ - + ; gs"" 5 .",\ Size: | PORCE LAINvall of 2x2Ft | 600x600mm |M AT T,. 4Pcs 25.00 Kgs. page-93 2x2ft Floor Tiles / Packing / Weight (aperox),high
gt2025-c327,3,TR,49,Behipe,600×600mm,,Glossy,4,25.00,,Wall,Tiles,Wall Tiles,gt-2025-p48-t3-clean.webp,/assets/catalogue/clean_swatches/gt-2025-p48-t3-clean.webp,"og _ - - . -_ * * foe . ""oat . oye vy 7 . ‘, , . eo. - . . , ns ce vee . tte 2 “a ’ oe ee as es : ree ¢ . se? : Ly . yt a - + .? . ~ - oS . a an a . ~ t . : a ee , me 7 a: . . ; ro : _ . . ae) ’ ve, -",PORCELAIN Size: | PORCELAINAA MATT TILES 2x2Ft | 600x600mm |M AT T,. 4Pcs 25.00 Kgs. aqe-94 2x2ft Floor Tiles / Packing / Weight (approx) pag,high
gt2025-c328,4,BR,49,Vlelta,600×600mm,,Glossy,4,25.00,,Wall,Tiles,Wall Tiles,gt-2025-p48-t4-clean.webp,/assets/catalogue/clean_swatches/gt-2025-p48-t4-clean.webp,V— = a ha mH TEE (ie) (an mag = |e i” ees oo — =) a —— ene \ vlelta Pal oe | a «(i= i — peri < el — ‘ ae |,PORCELAIN Size: | PORCELAINAA MATT TILES 2x2Ft | 600x600mm |M AT T,. 4Pcs 25.00 Kgs. aqe-94 2x2ft Floor Tiles / Packing / Weight (approx) pag,high
gt2025-c329,1,TL,50,Coan,600×600mm,,Glossy,4,25.00,,Wall,Tiles,Wall Tiles,gt-2025-p49-t1-clean.webp,/assets/catalogue/clean_swatches/gt-2025-p49-t1-clean.webp,"A Zs + can > x . \ io as, - /™~ ‘ *. “t rad y aa . . of ""Y At SS . oe! “oN Se ne oo bes, . Coan fy . von awk at : howe ty f+ os “ oN . (2 : en ae : * ] wey pg ie e . p . wet ! 2M be . ‘ 4 : i j 1 "" - ",\ Size: | PORCE LAINvall of 2x2Ft | 600x600mm |M AT T,. 4Pcs 25.00 Kgs. page-95 2x2ft Floor Tiles / Packing / Weight (approx),high
gt2025-c330,2,BL,50,Geese,600×600mm,,Glossy,4,25.00,,Wall,Tiles,Wall Tiles,gt-2025-p49-t2-clean.webp,/assets/catalogue/clean_swatches/gt-2025-p49-t2-clean.webp,"oe Tee a: ; ee Si <s . “Wo . 12 ,. SoS . Ma MW. _— gar See. “ o ry od <i ee . “Nee é ~ : ‘ ont -~ —— ‘ u ‘ * we. ae r* ae ca a ? ra, ~ 2 t _ — Sir EB: ~- Bh es oe GEESE “a ore an . : oe OS car ot > > ",\ Size: | PORCE LAINvall of 2x2Ft | 600x600mm |M AT T,. 4Pcs 25.00 Kgs. page-95 2x2ft Floor Tiles / Packing / Weight (approx),high
gt2025-c331,3,TR,50,Cael,600×600mm,,Glossy,4,25.00,,Wall,Tiles,Wall Tiles,gt-2025-p49-t3-clean.webp,/assets/catalogue/clean_swatches/gt-2025-p49-t3-clean.webp,"aie X-"") eae . ail ad = . a Ee : <9 sil - - il ” . St ¥ a i cael : ,) Say: / APs Cte Bes il t . re are cE te Saye ps 7“; ¢ oA 2 a ; at! pes * ag 4 a - “Y . ‘ FE -f ioe gaa Pe EE. Sa FW Tae 9. | Bape (",PORCELAIN Size: | PORCELAINAA MATT TILES 2x2Ft | 600x600mm |M AT T,. 4Pcs 25.00 Kgs. aqe-96 2x2ft Floor Tiles / Packing / Weight (approx) pag,high
gt2025-c332,4,BR,50,Eeoeoe,600×600mm,,Glossy,4,25.00,,Wall,Tiles,Wall Tiles,gt-2025-p49-t4-clean.webp,/assets/catalogue/clean_swatches/gt-2025-p49-t4-clean.webp,"Zs < . = - ~ : wn —— ———EEoEoE yr — ™ __ _—_ < i a _ a r ee med —_ ” ~ , ~~ ~~. a , a. oi - a wad or « alee =e - ™ = sa —— ao _ ‘ai - ui c ba y. , = —w 4 be “ Lo - . : —— — —— i a 2 af ~<a — “a "" ra a",PORCELAIN Size: | PORCELAINAA MATT TILES 2x2Ft | 600x600mm |M AT T,. 4Pcs 25.00 Kgs. aqe-96 2x2ft Floor Tiles / Packing / Weight (approx) pag,high
gt2025-c333,1,TL,51,Coberle,600×600mm,,Glossy,4,25.00,,Wall,Tiles,Wall Tiles,gt-2025-p50-t1-clean.webp,/assets/catalogue/clean_swatches/gt-2025-p50-t1-clean.webp,’ — -_—-=- nal TSF = _ oe J a vw $ 4 \ te coberle : \ ‘ ; / f o af ' /,N Size: PORCELAIN Y . 2x2Ft | 600x600mm | GLOSSY,. 4Pcs 25.00 Kgs. page-97 2x2ft Floor Tiles / Packing / Weight (apcrox),high
gt2025-c334,2,BL,51,Baad,600×600mm,,Glossy,4,25.00,,Wall,Tiles,Wall Tiles,gt-2025-p50-t2-clean.webp,/assets/catalogue/clean_swatches/gt-2025-p50-t2-clean.webp,"| , & > rm _ a _— —mi oo> ) ) —aza oN ere ; ro od a : - , _ . ram ~. >< > : a Ps NS - ~ “ . s ae eae So ae ~ * aie cae ae “ J a J Pn ge ’ Tne . : — ~ 17 “gee F _ cn a baad . i) - ae : ee AN = “ | : 2 ",N Size: PORCELAIN Y . 2x2Ft | 600x600mm | GLOSSY,. 4Pcs 25.00 Kgs. page-97 2x2ft Floor Tiles / Packing / Weight (apcrox),high
gt2025-c335,3,TR,51,Wen,600×600mm,,Glossy,4,25.00,,Wall,Tiles,Wall Tiles,gt-2025-p50-t3-clean.webp,/assets/catalogue/clean_swatches/gt-2025-p50-t3-clean.webp,"™ *) . _- ¥ ae oe 0 we Dd } A> > = ww a ae | x) OX e fo y] . ” 3 a * 4 8 , . re o*. 4 oy Wen ee — | . ‘ PRN re) %, 9 ~ 7 7 ‘ 3 - 7 a )",PORCELAIN Size: | PORCELAINTAA GLOSSY TILES 2x2Ft | 600x600mm | GLOSSY,. 4Pcs 25.00 Kgs. aae-98 2x2ft Floor Tiles / Packing / Weight (approx) pag,high
gt2025-c336,4,BR,51,Uzay,600×600mm,,Glossy,4,25.00,,Wall,Tiles,Wall Tiles,gt-2025-p50-t4-clean.webp,/assets/catalogue/clean_swatches/gt-2025-p50-t4-clean.webp,"’ tH? ye Nr 8 BK TR Coe 84 wR OS RS eg XS “A . CN Sa es SRS... UZAY) CARE, ar , . — wee LY a), - x -—_ . Tae ¢ 32 ey a 3 3 < hy \ 3 y a» i a . } yr j ag x | ! ye",PORCELAIN Size: | PORCELAINTAA GLOSSY TILES 2x2Ft | 600x600mm | GLOSSY,. 4Pcs 25.00 Kgs. aae-98 2x2ft Floor Tiles / Packing / Weight (approx) pag,high
gt2025-c337,1,TL,52,Yoy,600×600mm,,Glossy,4,25.00,,Wall,Tiles,Wall Tiles,gt-2025-p51-t1-clean.webp,/assets/catalogue/clean_swatches/gt-2025-p51-t1-clean.webp,TE ya 2 YOY sy \\ WR . Mba Sy’ a s \: O 20s (Qi Me E.@(G)))* 3,N Size: PORCELAIN Y . 2x2Ft | 600x600mm | GLOSSY,. 4Pcs 25.00 Kgs. page-99 2x2ft Floor Tiles / Packing / Weight (approx),high
gt2025-c338,2,BL,52,Cima,600×600mm,,Glossy,4,25.00,,Wall,Tiles,Wall Tiles,gt-2025-p51-t2-clean.webp,/assets/catalogue/clean_swatches/gt-2025-p51-t2-clean.webp,"ry ie | yo 4 | we "" ¢ 7 : . , . 4 } 7 - < ” . “ ra —_ foo are ’ / ap 7 : “| o , ’ Fy x ‘ ‘ A / ‘ “ae * F oR ‘cme, > l LS . Pie he Cima MS Neat a ’ ™. lid is . wo o : ‘ ; ° 4 ey . ao f] } “ , 2 oa ie",N Size: PORCELAIN Y . 2x2Ft | 600x600mm | GLOSSY,. 4Pcs 25.00 Kgs. page-99 2x2ft Floor Tiles / Packing / Weight (approx),high
gt2025-c339,3,TR,52,Saeel,600×600mm,,Glossy,4,25.00,,Wall,Tiles,Wall Tiles,gt-2025-p51-t3-clean.webp,/assets/catalogue/clean_swatches/gt-2025-p51-t3-clean.webp,". AN ‘ . \ te we el . oo oe PY - ‘L a ~~ . y . x) ee : NS fy ia ~ —— yoo - | ~ m > saeel om Pe) ars ~ — _ ‘3 ° - Bee “) ‘ FR ~ y, ‘aa: - ¥ , L oat gd 4 f al “te ‘ J may ~ Torte a 2 re - o ‘¢ Jf a . af",PORCELAIN Size: | PORCELAINTAA CARVING TILES 2x2Ft | 600x600mm | CARVING,. 4Pcs 25.00 Kgs. aae-100 2x2ft Floor Tiles / Packing / Weight (approx) pag,high
gt2025-c340,4,BR,52,Leeteenratieiinme,600×600mm,,Glossy,4,25.00,,Wall,Tiles,Wall Tiles,gt-2025-p51-t4-clean.webp,/assets/catalogue/clean_swatches/gt-2025-p51-t4-clean.webp,"=— — - oo — ee C re ae ag = ~ ea, +o ~S ae a a =e is “ ra -. Cotte ee ee meee - . cee a - — a ~ - — ——_ _ ~ a ; —— a a Pe ie - a oe _—- oN - Se an ee - 5 ane ae — — — a cane — — oa ae _— _ _ : - tie a",PORCELAIN Size: | PORCELAINTAA CARVING TILES 2x2Ft | 600x600mm | CARVING,. 4Pcs 25.00 Kgs. aae-100 2x2ft Floor Tiles / Packing / Weight (approx) pag,high
gt2025-c341,1,TL,53,Lliegy,200×900mm,,Glossy,,9.50,,Wall,Tiles,Wall Tiles,gt-2025-p52-t1-clean.webp,/assets/catalogue/clean_swatches/gt-2025-p52-t1-clean.webp,4 ve 7 ose se ty see . ee a. = 7 ot *» en _ Neo ad et _~N ee. ~ . i . . « we s ’ : _——_ 7 we ~~ a a a. ol ~~ s - Se - 23% .. tl vest a a . : lliegy ml # =. : v Pa hy ee ae eh * a LTE eee eet FE Wa SO ,- Size : » | 3x0.8Ft | 200x900mm | RISER 3x2Ft | 600x900mm,page-101 g 1x3ft Step & Riser / Loose Pcs / 9.50 Kgs.per set Weight (approx),high
gt2025-c342,2,BL,53,Ameewail,200×900mm,,Glossy,,9.50,,Wall,Tiles,Wall Tiles,gt-2025-p52-t2-clean.webp,/assets/catalogue/clean_swatches/gt-2025-p52-t2-clean.webp,"7 ma -~ — = aaa ; et i a , iin a. Se | | ure ee a - “ ° eo * «ee f e _ t oo se ~ 4 Teo “2 ~ Atm 9° he on . . ade CI ‘. we : — = ~~ a ~ oS. . ice . TN oe ~ Rage. ore “Se Ne “ . v fa “~ . oN ) Te at bg ",- Size : » | 3x0.8Ft | 200x900mm | RISER 3x2Ft | 600x900mm,page-101 g 1x3ft Step & Riser / Loose Pcs / 9.50 Kgs.per set Weight (approx),high
gt2025-c343,3,TR,53,AEEEEEE6,300×900mm,,Glossy,,,,Wall,Tiles,Wall Tiles,gt-2025-p52-t3-clean.webp,/assets/catalogue/clean_swatches/gt-2025-p52-t3-clean.webp,"/ Thi g . if ,: Pu a a Rd Pte i-- / >. - + 2p “. mae ey KG - at cy Ay? a es sf \ f , iy, . ¥Ba 4 ""3 1 , + Gj ‘ ry D s a . sg’ Ree As EE wld, ali” Sh cay - 4 ' 1 “a? «US re f wets Mes . aa a “ . ' 1f,.",Size : GVT 3x1Ft | 300x900mm | STEP & aq STEP & RISER 3x0.8Ft | 200x900mm | RISER _ 3x2Ft | 600x900mm,1x3ft Step & Riser / Loose Pcs / 9) 19s-Per set page-102,high
gt2025-c344,4,BR,53,Pene,300×900mm,,Glossy,,,,Wall,Tiles,Wall Tiles,gt-2025-p52-t4-clean.webp,/assets/catalogue/clean_swatches/gt-2025-p52-t4-clean.webp,"one's i ""f ~~ = . . ea 4 J jj Q . ° 4 a . id ‘ h’ . —— aia, oo 7 24-74 m rf fo: A m C sae 4+ ' f - >” ) pene y >F . aaa > : , st ’ i? ae, | are my , a i vt Ge af , . 4,’ 918 . 7 gg",Size : GVT 3x1Ft | 300x900mm | STEP & aq STEP & RISER 3x0.8Ft | 200x900mm | RISER _ 3x2Ft | 600x900mm,1x3ft Step & Riser / Loose Pcs / 9) 19s-Per set page-102,high
gt2025-c345,1,TL,54,Black-Step,200×900mm,,Glossy,,,,Wall,Tiles,Wall Tiles,gt-2025-p53-t1-clean.webp,/assets/catalogue/clean_swatches/gt-2025-p53-t1-clean.webp,— — NEXUS BLACK-STEP,- Size : : | 3x0.8Ft | 200x900mm STEP & RISER 3x2Ft | 600x900mm,page-103 1x3ft Step & Riser / Loose Pcs / Weight ber See (approx),high
gt2025-c346,2,BL,54,,200×900mm,,Glossy,,,,Wall,Tiles,Wall Tiles,gt-2025-p53-t2-clean.webp,/assets/catalogue/clean_swatches/gt-2025-p53-t2-clean.webp,: : 1 ' = 1 ',- Size : : | 3x0.8Ft | 200x900mm STEP & RISER 3x2Ft | 600x900mm,page-103 1x3ft Step & Riser / Loose Pcs / Weight ber See (approx),low
gt2025-c347,3,TR,54,Grey-Step,300×900mm,,Glossy,,,,Wall,Tiles,Wall Tiles,gt-2025-p53-t3-clean.webp,/assets/catalogue/clean_swatches/gt-2025-p53-t3-clean.webp,— — NEXUS GREY-STEP,Size : FULL BODY 3x1Ft | 300x900mm STEP & RISER 3x0.8Ft | 200x900mm FULL BO! RISER 3x2Ft | 600x900mm,1x3ft Step & Riser / Loose Pcs / Weight Por Sor’ tepprox) page-104,high
gt2025-c348,4,BR,54,Aaaanaia,300×900mm,,Glossy,,,,Wall,Tiles,Wall Tiles,gt-2025-p53-t4-clean.webp,/assets/catalogue/clean_swatches/gt-2025-p53-t4-clean.webp,"ra eee ner arena aaaanaia - ce - : , u -f 4 . , : ‘ aa ~ . . 7 ° r) _ - 7 . — ss _ - . a rs . . s = — - - aa . —_ ow"" - - . . “. ~ ‘ @ ~ . ; . 0 . . °C Ue . ° Se - ss : Oc en ' ~ ge” ee oe . . ee Meye",Size : FULL BODY 3x1Ft | 300x900mm STEP & RISER 3x0.8Ft | 200x900mm FULL BO! RISER 3x2Ft | 600x900mm,1x3ft Step & Riser / Loose Pcs / Weight Por Sor’ tepprox) page-104,high
gt2025-c349,1,TL,55,Black-Step,300×1200mm,,Glossy,,,,Wall,Tiles,Wall Tiles,gt-2025-p54-t1-clean.webp,/assets/catalogue/clean_swatches/gt-2025-p54-t1-clean.webp,— — LAPATO BLACK-STEP,- Size : SS 4x1Ft | 300x1200mm | EULL [:YeyobZ : | 4x0.8Ft | 200x1200mm STEP & RISER 4x2Ft | 600x1200mm,page-1 05 1x4ft Step & Riser / Loose Pes / Weight Per Sete pprox),high
gt2025-c350,2,BL,55,Lapato,300×1200mm,,Glossy,,,,Wall,Tiles,Wall Tiles,gt-2025-p54-t2-clean.webp,/assets/catalogue/clean_swatches/gt-2025-p54-t2-clean.webp,ai ai EXCLUSIVE LAPATO BLACK,- Size : SS 4x1Ft | 300x1200mm | EULL [:YeyobZ : | 4x0.8Ft | 200x1200mm STEP & RISER 4x2Ft | 600x1200mm,page-1 05 1x4ft Step & Riser / Loose Pes / Weight Per Sete pprox),high
gt2025-c351,3,TR,55,Nero-Step,300×1200mm,,Glossy,,,,Wall,Tiles,Wall Tiles,gt-2025-p54-t3-clean.webp,/assets/catalogue/clean_swatches/gt-2025-p54-t3-clean.webp,— — LAPATO NERO-STEP,Size : FULL BODY \ LAPATO SERIES 4x1Ft | 300x1200mm FULL |[:Ye)»)'/ STEP & RISER 4x0.8Ft | 200x1200mm STEP & RISER 4x2Ft | 600x1200mm,1x4ft Step & Riser / Loose Pcs / Weight Per Sete pprox) page-106,high
gt2025-c352,4,BR,55,Lapato,300×1200mm,,Glossy,,,,Wall,Tiles,Wall Tiles,gt-2025-p54-t4-clean.webp,/assets/catalogue/clean_swatches/gt-2025-p54-t4-clean.webp,; a ; | - } - ~ eo . . “Tr . x EXCLUSIVE a | LAPATO NERO,Size : FULL BODY \ LAPATO SERIES 4x1Ft | 300x1200mm FULL |[:Ye)»)'/ STEP & RISER 4x0.8Ft | 200x1200mm STEP & RISER 4x2Ft | 600x1200mm,1x4ft Step & Riser / Loose Pcs / Weight Per Sete pprox) page-106,high
gt2025-c353,1,TL,56,Coffee-Step,300×1200mm,,Glossy,,,,Wall,Tiles,Wall Tiles,gt-2025-p55-t1-clean.webp,/assets/catalogue/clean_swatches/gt-2025-p55-t1-clean.webp,— — LAPATO COFFEE-STEP,Size: . FULL BODY \ LAPATO SERIES 4x1Ft | 300x1200mm FULL [:Ye}®) | STEP & RISER 4x0.8Ft | 200x1200mm STEP & RISER 4x2Ft | 600x1200mm,page-1 07 1x4ft Step & Riser / Loose Pes / Weight Per Sete pprox),high
gt2025-c354,2,BL,56,Lapato,300×1200mm,,Glossy,,,,Wall,Tiles,Wall Tiles,gt-2025-p55-t2-clean.webp,/assets/catalogue/clean_swatches/gt-2025-p55-t2-clean.webp,f f EXCLUSIVE — a LAPATO COFFEE |,Size: . FULL BODY \ LAPATO SERIES 4x1Ft | 300x1200mm FULL [:Ye}®) | STEP & RISER 4x0.8Ft | 200x1200mm STEP & RISER 4x2Ft | 600x1200mm,page-1 07 1x4ft Step & Riser / Loose Pes / Weight Per Sete pprox),high
gt2025-c355,3,TR,56,Black-Step,300×1200mm,,Glossy,,,,Wall,Tiles,Wall Tiles,gt-2025-p55-t3-clean.webp,/assets/catalogue/clean_swatches/gt-2025-p55-t3-clean.webp,— — DESERT BLACK-STEP,Size : FULL BODY 4x1Ft | 300x1200mm FULL [:Yeyo\/ STEP & RISER 4x0.8Ft | 200x1200mm STEP & RISER 4x2Ft | 600x1200mm,1x4ft Step & Riser / Loose Pcs / Weight Per Bete pprox) page-108,high
gt2025-c356,4,BR,56,Desert,300×1200mm,,Glossy,,,,Wall,Tiles,Wall Tiles,gt-2025-p55-t4-clean.webp,/assets/catalogue/clean_swatches/gt-2025-p55-t4-clean.webp,DESERT BLACK,Size : FULL BODY 4x1Ft | 300x1200mm FULL [:Yeyo\/ STEP & RISER 4x0.8Ft | 200x1200mm STEP & RISER 4x2Ft | 600x1200mm,1x4ft Step & Riser / Loose Pcs / Weight Per Bete pprox) page-108,high
gt2025-c357,1,TL,57,Coffee-Step,300×1200mm,,Glossy,,,,Wall,Tiles,Wall Tiles,gt-2025-p56-t1-clean.webp,/assets/catalogue/clean_swatches/gt-2025-p56-t1-clean.webp,— — DESERT COFFEE-STEP,- Size : SS 4x1Ft | 300x1200mm | EULL [:YeyobZ : | 4x0.8Ft | 200x1200mm STEP & RISER 4x2Ft | 600x1200mm,page-1 09 1x4ft Step & Riser / Loose Pes / Weight Per Sete pprox),high
gt2025-c358,2,BL,57,Desert,300×1200mm,,Glossy,,,,Wall,Tiles,Wall Tiles,gt-2025-p56-t2-clean.webp,/assets/catalogue/clean_swatches/gt-2025-p56-t2-clean.webp,"| ; ‘ 5 | "" ae moe. — . ' _f ° . mL _ ig er . 4 ie en -_ . yO td > ak D (% - ~ . “=. . . . { Te DESERT COFFEE",- Size : SS 4x1Ft | 300x1200mm | EULL [:YeyobZ : | 4x0.8Ft | 200x1200mm STEP & RISER 4x2Ft | 600x1200mm,page-1 09 1x4ft Step & Riser / Loose Pes / Weight Per Sete pprox),high
gt2025-c359,3,TR,57,Grey-Step,300×1200mm,,Glossy,,,,Wall,Tiles,Wall Tiles,gt-2025-p56-t3-clean.webp,/assets/catalogue/clean_swatches/gt-2025-p56-t3-clean.webp,_ : . i I q 1 I H i | ! i q I q rey ee ee ay tree ste ewes. ow cee stig wee af oy . DESERT GREY-STEP in eee eee ——————,Size : FULL BODY 4x1Ft | 300x1200mm FULL [:Yeyo\/ STEP & RISER 4x0.8Ft | 200x1200mm STEP & RISER 4x2Ft | 600x1200mm,1x4ft Step & Riser / Loose Pes / weit pe set pprox) page-110,high
gt2025-c360,4,BR,57,Pomees,300×1200mm,,Glossy,,,,Wall,Tiles,Wall Tiles,gt-2025-p56-t4-clean.webp,/assets/catalogue/clean_swatches/gt-2025-p56-t4-clean.webp,"a a ~~ L oT eee te ie wee, om we a ~ ee “0 ao oat ro Loe . ” 240720 ™ “on Sal oe we me a, tm : - : : . - oy oe Rg, a 7s & ' “ it fo act 4 y ote _ 7 . ad = os. n io i - * i oe = 4 -_ whe . ae + 2 . Pon",Size : FULL BODY 4x1Ft | 300x1200mm FULL [:Yeyo\/ STEP & RISER 4x0.8Ft | 200x1200mm STEP & RISER 4x2Ft | 600x1200mm,1x4ft Step & Riser / Loose Pes / weit pe set pprox) page-110,high
gt2025-c361,1,TL,58,Nero-Step,300×1200mm,,Glossy,,,,Wall,Tiles,Wall Tiles,gt-2025-p57-t1-clean.webp,/assets/catalogue/clean_swatches/gt-2025-p57-t1-clean.webp,_— _— DESERT NERO-STEP,- Size : SS 4x1Ft | 300x1200mm | EULL [:YeyobZ : | 4x0.8Ft | 200x1200mm STEP & RISER 4x2Ft | 600x1200mm,page-1 11 1x4ft Step & Riser / Loose Pcs / Weight Per Sete pprox),high
gt2025-c362,2,BL,58,Desert,300×1200mm,,Glossy,,,,Wall,Tiles,Wall Tiles,gt-2025-p57-t2-clean.webp,/assets/catalogue/clean_swatches/gt-2025-p57-t2-clean.webp,". 4 a ” — | —- an © . o am - ‘i. E ""Sp, - a ="" | . = a ee a a aa ek « a“ a 9 ¢ La a “ Z A | 4 “ -—"" . » we a “ «a v7 - yf a DESERT NERO",- Size : SS 4x1Ft | 300x1200mm | EULL [:YeyobZ : | 4x0.8Ft | 200x1200mm STEP & RISER 4x2Ft | 600x1200mm,page-1 11 1x4ft Step & Riser / Loose Pcs / Weight Per Sete pprox),high
gt2025-c363,3,TR,58,Nero-Step (Thickness 15Mm),300×1200mm,,Glossy,,,,Wall,Tiles,Wall Tiles,gt-2025-p57-t3-clean.webp,/assets/catalogue/clean_swatches/gt-2025-p57-t3-clean.webp,— — NERO-STEP (THICKNESS 15MM),Size : FULL BODY 4x1Ft | 300x1200mm FULL [:Yeyo\/ STEP & RISER 4x0.8Ft | 200x1200mm STEP & RISER 4x2Ft | 600x1200mm,1x4ft Step & Riser / Loose Pcs / Weight ber Bete pprox) page-112,high
gt2025-c364,4,BR,58,Nreo (Thickness 15Mm),300×1200mm,,Glossy,,,,Wall,Tiles,Wall Tiles,gt-2025-p57-t4-clean.webp,/assets/catalogue/clean_swatches/gt-2025-p57-t4-clean.webp,"J ) . | : . | ; ; . ‘ . . emt * : ay. i Ane! . * . . Joe ON ap. re . . | a ey oo , : re a -* Z me 4 ¢ Lae - ae, 9 ° on yo : » a Q” . er , a Ly ° . : e a. ° ws Se , , ‘ . . . . uo . NREO (THICKNESS 15M",Size : FULL BODY 4x1Ft | 300x1200mm FULL [:Yeyo\/ STEP & RISER 4x0.8Ft | 200x1200mm STEP & RISER 4x2Ft | 600x1200mm,1x4ft Step & Riser / Loose Pcs / Weight ber Bete pprox) page-112,high
gt2025-c365,1,TL,59,Grey-Step (Thickness 15Mm),300×1200mm,,Glossy,,,,Wall,Tiles,Wall Tiles,gt-2025-p58-t1-clean.webp,/assets/catalogue/clean_swatches/gt-2025-p58-t1-clean.webp,— — ane ee GREY-STEP (THICKNESS 15MM),- Size : SS 4x1Ft | 300x1200mm | EULL [:YeyobZ : | 4x0.8Ft | 200x1200mm STEP & RISER 4x2Ft | 600x1200mm,page-1 13 1x4ft Step & Riser / Loose Pes / Weight bor Bet oe pprox),high
gt2025-c366,2,BL,59,Prhiog,300×1200mm,,Glossy,,,,Wall,Tiles,Wall Tiles,gt-2025-p58-t2-clean.webp,/assets/catalogue/clean_swatches/gt-2025-p58-t2-clean.webp,"t ° wai i i = | "" | . iA ~ vt AS, 83, Fa. . ' pi ey eS ee , bat nS Tee oo ay = oan a 7 - i i f = iy: 5 or igh ee “ Ler din w ot yar: le fo7 py Rapes , \ j wr og 5 to . be n ail a — cog Ae Rt rp — an :",- Size : SS 4x1Ft | 300x1200mm | EULL [:YeyobZ : | 4x0.8Ft | 200x1200mm STEP & RISER 4x2Ft | 600x1200mm,page-1 13 1x4ft Step & Riser / Loose Pes / Weight bor Bet oe pprox),high
gt2025-c367,3,TR,59,Marble-Step,300×1200mm,,Glossy,,,,Wall,Tiles,Wall Tiles,gt-2025-p58-t3-clean.webp,/assets/catalogue/clean_swatches/gt-2025-p58-t3-clean.webp,". . ™ at 4 : : a \i ‘ oe \ . “a, a . t \. ag iA: . ¥ . _ a . ‘ _ > ve 7 ° Neen ~~ L 7 3% 7 i ' g 4 \ aa : a a %, : ol : hg é ws Can “ MN “a? wo a — ar aa . ; 5 > . . ‘ : “a \, - - - te 4! y \ F ' ‘\ a",Size : GVT 4x1Ft | 300x1200mm | STEP & aq STEP & RISER 4x0.8Ft | 200x1200mm | RISER 4x2Ft | 600x1200mm,1x4ft Step & Riser / Loose Pcs / Weight Pon Sete pprox) page-114,high
gt2025-c368,4,BR,59,Melton,300×1200mm,,Glossy,,,,Wall,Tiles,Wall Tiles,gt-2025-p58-t4-clean.webp,/assets/catalogue/clean_swatches/gt-2025-p58-t4-clean.webp,"- ° Z. ee te ee : yo we MOE Ney . : o . B "" 7 . . . _ To 7 poy an . ce gem ee ee ~ a - ™ r : om — “ “7 , i af ' . . ‘s . "" ie a . ’ Ps { # ’ ° Sa aa ° : e \ - om “ “ A yy ad - , - = aren ae; re ry ONG",Size : GVT 4x1Ft | 300x1200mm | STEP & aq STEP & RISER 4x0.8Ft | 200x1200mm | RISER 4x2Ft | 600x1200mm,1x4ft Step & Riser / Loose Pcs / Weight Pon Sete pprox) page-114,high
gt2025-c369,1,TL,60,Granite-Step,300×1200mm,,Glossy,,,,Wall,Tiles,Wall Tiles,gt-2025-p59-t1-clean.webp,/assets/catalogue/clean_swatches/gt-2025-p59-t1-clean.webp,"a, i e . . . . e e . . . . . . 3 . . RY ° . e” ° « |? e@ » . . bd a . . e . = . : . e . . . . . . o . od bd . . @uro.w ] . . . é .* e , » & o, rs é a e : . : ‘ - i d . . @ ° "" ¢@ e ° , .* C : ° e ° . ",- Size : Ny 4x1Ft | 300x1200mm | STEP & ~ 4x0.8Ft | 200x1200mm | RISER a 4x2Ft | 600x1200mm,page-115 1x4ft Step & Riser / Loose Pcs / Weight Per Set repprox),high
gt2025-c370,2,BL,60,Granite,300×1200mm,,Glossy,,,,Wall,Tiles,Wall Tiles,gt-2025-p59-t2-clean.webp,/assets/catalogue/clean_swatches/gt-2025-p59-t2-clean.webp,"a "" - ‘. - : 7 _ .*s . ’ “sf WHITE GRANITE _ «",- Size : Ny 4x1Ft | 300x1200mm | STEP & ~ 4x0.8Ft | 200x1200mm | RISER a 4x2Ft | 600x1200mm,page-115 1x4ft Step & Riser / Loose Pcs / Weight Per Set repprox),high
gt2025-c371,3,TR,60,Tneeartan-Cnr-Enmeelitin,300×1200mm,,Glossy,,,,Wall,Tiles,Wall Tiles,gt-2025-p59-t3-clean.webp,/assets/catalogue/clean_swatches/gt-2025-p59-t3-clean.webp,se. . ek a ee ee —- DSi ae ee — i ~ = a a eet ace en ‘tee tneeartan-cnr-enmeelitin =< ak —— Salen? ee — is easement _ ~ . ~ ee —— to Pee — Sac oe . ™ wee og oot OO aa ce Bee eee es a toe wr wo oo thee,Size : GVT 4x1Ft | 300x1200mm | STEP & aq STEP & RISER 4x0.8Ft | 200x1200mm | RISER 4x2Ft | 600x1200mm,1x4ft Step & Riser / Loose Pcs / Weight Pon Set J pprox) page-116,high
gt2025-c372,4,BR,60,Anlild,300×1200mm,,Glossy,,,,Wall,Tiles,Wall Tiles,gt-2025-p59-t4-clean.webp,/assets/catalogue/clean_swatches/gt-2025-p59-t4-clean.webp,"noe wee ee ae | Se so oe que SS iil | | Oe. = ——— 3 ot hi | I oe _—— : en | | — a - 7 | _ -.. ee ee = : wa BE ee ie Le —_ — a ———~ a Tee SR ALTE ET =~ ~ ee Rees, ah -2 _ ~ ee =e “ = 8 eee a - ae aa a ",Size : GVT 4x1Ft | 300x1200mm | STEP & aq STEP & RISER 4x0.8Ft | 200x1200mm | RISER 4x2Ft | 600x1200mm,1x4ft Step & Riser / Loose Pcs / Weight Pon Set J pprox) page-116,high
gt2025-c373,1,TL,61,Ener,300×1200mm,,Glossy,,,,Wall,Tiles,Wall Tiles,gt-2025-p60-t1-clean.webp,/assets/catalogue/clean_swatches/gt-2025-p60-t1-clean.webp,". . ! ener ae “fe * . ¢ co . \ws * ee . ‘4 r | Leo ) /? > ge _ ns , i, wy 5. x ’ sh & ps . { ’ . ‘ Nan 4 te . , “. we al . re . > A , wa yo v a y aie ra o c ‘ J y ba ’ a ae . ‘ < ws R ' s or -i a: . .",- Size : Ny 4x1Ft | 300x1200mm | STEP & ~ 4x0.8Ft | 200x1200mm | RISER a 4x2Ft | 600x1200mm,page-117 1x4ft Step & Riser / Loose Pcs / Weight Por Set repprox),high
gt2025-c374,2,BL,61,Sities,300×1200mm,,Glossy,,,,Wall,Tiles,Wall Tiles,gt-2025-p60-t2-clean.webp,/assets/catalogue/clean_swatches/gt-2025-p60-t2-clean.webp,"aS | } P ayes | ~_ | mi x gO a ey cet ote = ; Ane em sities : _s — = e re p a TOL OSes ee é Se Ne” Jat AR ~ Gee: . cf Ee ., we ra y rs . we ao i “4 . ~e ans , a oa S || Beal Ae Rak ge ee v _ 2 Ge bie ",- Size : Ny 4x1Ft | 300x1200mm | STEP & ~ 4x0.8Ft | 200x1200mm | RISER a 4x2Ft | 600x1200mm,page-117 1x4ft Step & Riser / Loose Pcs / Weight Por Set repprox),high
gt2025-c375,3,TR,61,Elined,200×1200mm,,Glossy,,27.00,,Wall,Tiles,Wall Tiles,gt-2025-p60-t3-clean.webp,/assets/catalogue/clean_swatches/gt-2025-p60-t3-clean.webp,ARGAN NERO ARGAN NERO pe geet ion a sae — . =—_ Se NS ne a) s: -. 5 - =m ‘oe - a . 2 eo SS =~ =~ om = aT - _ a rt aE om yt - _. -- _ = ~- — oe Oy . a et 7 aoe . om. mead ee .. “Se rw 3 . i == - a -_- ,"WOODEN Size : YE , PLANK TILES 8”x48"" | 200x1200mm Y/ Strip","6P 27.00 Kgs. 118 8”x48” Wooden Plank Tiles / prucs, / worm tapoew) page",high
gt2025-c376,4,BR,61,Sspwiall,200×1200mm,,Glossy,,27.00,,Wall,Tiles,Wall Tiles,gt-2025-p60-t4-clean.webp,/assets/catalogue/clean_swatches/gt-2025-p60-t4-clean.webp,"~. : | i. . ot oon : wr x | I - a ' \ : - 7 it CA ™ | te Wii) Sspwiall *. : - oe ° —_— ed ° , + e .e..6|U . : . ee, ~_ 4 °. - ' °. - et in 4 } A, a f > : : te wo: 'o ’ Yrs : ° . . . : poroge bd pod ‘ ","WOODEN Size : YE , PLANK TILES 8”x48"" | 200x1200mm Y/ Strip","6P 27.00 Kgs. 118 8”x48” Wooden Plank Tiles / prucs, / worm tapoew) page",high
gt2025-c377,1,TL,62,Wood-R-2,300×300mm,,Glossy,,,,Wall,Tiles,Wall Tiles,gt-2025-p61-t1-clean.webp,/assets/catalogue/clean_swatches/gt-2025-p61-t1-clean.webp,COFFEE WOOD-R-2 COFFEE WOOD-R-2 COFFEE WOOD-R-1,N size : VE ; ss |200x1200nm | // Strip,"page-119 8”x48” Wooden Plank Tiles / prucs, / warn taoeem)",high
gt2025-c378,2,BL,62,Werene,300×300mm,,Glossy,,,,Wall,Tiles,Wall Tiles,gt-2025-p61-t2-clean.webp,/assets/catalogue/clean_swatches/gt-2025-p61-t2-clean.webp,"Werene aii’: | , 111 | i ? Vs i Ai t wy | a ‘— < s ' ~ 2. Soe , ) Hi a |, =~. ‘ . —o ’ P ae a"" i . } ' Uf | a es } ee . . “ , a , ia a /",N size : VE ; ss |200x1200nm | // Strip,"page-119 8”x48” Wooden Plank Tiles / prucs, / warn taoeem)",high
gt2025-c379,3,TR,62,Wood-R-2,200×1200mm,,Glossy,,27.00,,Wall,Tiles,Wall Tiles,gt-2025-p61-t3-clean.webp,/assets/catalogue/clean_swatches/gt-2025-p61-t3-clean.webp,NATURAL WOOD-R-2 NATURAL WOOD-R-1,"WOODEN Size : YE , PLANK TILES 8”x48"" | 200x1200mm Y/ Strip","6P 27.00 Kgs. 120 8”x48” Wooden Plank Tiles / prucs, / worgm tapeen) page",high
gt2025-c380,4,BR,62,Carne,200×1200mm,,Glossy,,27.00,,Wall,Tiles,Wall Tiles,gt-2025-p61-t4-clean.webp,/assets/catalogue/clean_swatches/gt-2025-p61-t4-clean.webp,"- ' a 7 . : a | . in 7 J aa “ Fr Pe —_ =~ . { ’ : _— — a ~ le ° o oo a — * _ ae 7 ~ ao“ aa “ . , "" , : 7 a“ - : : ia a wt . _ AG aoe a ra a “ “ ” carne oll a kw . 7 L.."" - = . te et ied a ao Th ea 2 _","WOODEN Size : YE , PLANK TILES 8”x48"" | 200x1200mm Y/ Strip","6P 27.00 Kgs. 120 8”x48” Wooden Plank Tiles / prucs, / worgm tapeen) page",high
gt2025-c381,1,TL,63,Myer,100×600mm,"4""×24""",Glossy,15,13.00,,Wall,Tiles,Wall Tiles,gt-2025-p62-t1-clean.webp,/assets/catalogue/clean_swatches/gt-2025-p62-t1-clean.webp,"Se : alg Se Ss SE 2855 283: pon ) ry Ww’) xe myer wv \ . - all . . Ve ; y wu . SAS ea e z . es ¥ 3 = SS x 4 - , . - >) “ ~ ' ~",". Size : Border ~ 4""x24"" | 100x600mm TILES",99 99 . 15 Pcs 13.00 Kgs. page-121 4”x24” Border Tiles / Packing | were (apcrox),high
gt2025-c382,2,BL,63,Carer,100×600mm,"4""×24""",Glossy,15,13.00,,Wall,Tiles,Wall Tiles,gt-2025-p62-t2-clean.webp,/assets/catalogue/clean_swatches/gt-2025-p62-t2-clean.webp,"vy ane. oan ~ »: i Tale “we ate f va Be vw ‘ay. - a » ae se MERC Lf ‘ Carer, a an i . a a . eta eens “ an Aw , es Aes | Oe et a . ge Os CN eNO cert Be AAG Go ete OE ee hee > Dae elem I a, A lS Ses a S",". Size : Border ~ 4""x24"" | 100x600mm TILES",99 99 . 15 Pcs 13.00 Kgs. page-121 4”x24” Border Tiles / Packing | were (apcrox),high
gt2025-c383,3,TR,63,Raravarrararararrarurarrauaaaraarararararaararrrararraraarararauraarrrararrrarraraurrararar,100×600mm,"4""×24""",Glossy,15,13.00,,Wall,Tiles,Wall Tiles,gt-2025-p62-t3-clean.webp,/assets/catalogue/clean_swatches/gt-2025-p62-t3-clean.webp,To 007 283: a WURRRRRURRRRRRRRRRURRRURRURRRRRRRRRRRERRRRRRURRRRRURUURRRRRRRRRURRRRRRRURURURURRRUUUAR RARAVARRARARARARRARURARRAUAAARAARARARARARAARARRRARARRARAARARARAURAARRRARARRRARRARAURRARARAR a % 8; ,"GVT Size : BORDER TILES 4""x24"" | 100x600mm Bor der","m4 , 15Pcs / 13.00 Kgs. age-122 4""x24"" Border Tiles / Packing / Weight (approx) pag",high
gt2025-c384,4,BR,63,Vyeeenyyaees,100×600mm,"4""×24""",Glossy,15,13.00,,Wall,Tiles,Wall Tiles,gt-2025-p62-t4-clean.webp,/assets/catalogue/clean_swatches/gt-2025-p62-t4-clean.webp,a 7 a! r ? | I cededoene SEE Vaetewads vbe ad whe PO ANON NR Naas Pa whe UCT Ae abe teea vyeeenyyaees « seeks VECHUUUN AU SESE UN ES ARN NEES ; > 4 >» > ‘. > ° “& . : * : ra gig cert < ‘a! a reek - as,"GVT Size : BORDER TILES 4""x24"" | 100x600mm Bor der","m4 , 15Pcs / 13.00 Kgs. age-122 4""x24"" Border Tiles / Packing / Weight (approx) pag",high
gt2025-c385,1,TL,64,Anil,300×300mm,,Glossy,,,,Wall,Tiles,Wall Tiles,gt-2025-p63-t1-clean.webp,/assets/catalogue/clean_swatches/gt-2025-p63-t1-clean.webp,"vm i anil a 1 “ ~~ F al : a _ J 4 7 ; a _ S “7 — 1 4 F a a . * , ¥ ha “ ian... , VW) —_ yy",,page-123 S.S. Kitchen Sink,high
gt2025-c386,2,BL,64,Ants,300×300mm,,Glossy,,,,Wall,Tiles,Wall Tiles,gt-2025-p63-t2-clean.webp,/assets/catalogue/clean_swatches/gt-2025-p63-t2-clean.webp,"ae = aa i ants Z - 4 ' = | - ~ * i 5 alle - a, . a au . _ ae . ° iq — oa "" a Shen a 7 = a i = |",,page-123 S.S. Kitchen Sink,high
gt2025-c387,3,TR,64,,300×300mm,,Glossy,,,,Wall,Tiles,Wall Tiles,gt-2025-p63-t3-clean.webp,/assets/catalogue/clean_swatches/gt-2025-p63-t3-clean.webp,"‘ ’ x . @ ""a an . _-* ‘pe *, . ° . ~ ‘ “ - . °"" x . ° -) Fi . ~ Jf ‘4 5 ae . a. . .? Jv 4 ( 4 . « > & 4 o é - i oo. 7 AL -",LUXURIOUS <> Handmade — KITCHEN SINK Kitchen Sink,Hande Made Kitchen Sink page-124,low
gt2025-c388,4,BR,64,Inuviivial,300×300mm,,Glossy,,,,Wall,Tiles,Wall Tiles,gt-2025-p63-t4-clean.webp,/assets/catalogue/clean_swatches/gt-2025-p63-t4-clean.webp,"INUVIIVIAL MRP RS. - 3000/- S aasrer | Mzemy | square | (| WEST i COUPLING |» PE HANDMADE KITCHEN SINK © 24x18x10 Single Bowl =, Size : 24x18x10 | 405x355x255mm LL NORMAL ,",LUXURIOUS <> Handmade — KITCHEN SINK Kitchen Sink,Hande Made Kitchen Sink page-124,high
gt2025-c389,1,TL,65,Seay,300×300mm,,Glossy,,,,Wall,Tiles,Wall Tiles,gt-2025-p64-t1-clean.webp,/assets/catalogue/clean_swatches/gt-2025-p64-t1-clean.webp,"“_ ; a, i ae ss “, wo if ‘ ot re ; . . : . a “ee 3. F i 7? ‘phn ns a _ e? 1 my ob 5 a S are ue “eS Pa Seay wy Ct yy ty is Han “ x al ie < aes a FN oR eee wit oie , : | Ce a i ee Mage yal hee aif rT. o",\ KES Quartz — y Kitchen Sink,page-125 Quartz Kitchen Sink,high
gt2025-c390,2,BL,65,Dimension,300×300mm,,Glossy,,,,Wall,Tiles,Wall Tiles,gt-2025-p64-t2-clean.webp,/assets/catalogue/clean_swatches/gt-2025-p64-t2-clean.webp,16x18x8.5 Single Bowl Size : | 16x18x8.5 | 405x455x215mm Weicht : 8ko. (annrox) a QUARTZ DIMENSION SIZE | KITCHEN SINK | [(,\ KES Quartz — y Kitchen Sink,page-125 Quartz Kitchen Sink,high
gt2025-c391,3,TR,65,Weagheh,300×300mm,,Glossy,,,,Wall,Tiles,Wall Tiles,gt-2025-p64-t3-clean.webp,/assets/catalogue/clean_swatches/gt-2025-p64-t3-clean.webp,"a be Pea a “oe Cd ra % oS ° TM > “eee oo Pe ad ~ wv fay! a , ‘al Sige oo. , ° ""< “tcp . Lie “ ana OES SR Gea. os 8 . alte ete Mee CURE Ae get “ou: ve . > i Soa oNe ion er LS PEARS £0 ER bane out Sar 8",LUXURIOUS GRANITE <> Quartz — KITCHEN SINK Ss? Kitchen Sink,Quartz Kitchen Sink page-126,high
gt2025-c392,4,BR,65,Single,300×300mm,,Glossy,,,,Wall,Tiles,Wall Tiles,gt-2025-p64-t4-clean.webp,/assets/catalogue/clean_swatches/gt-2025-p64-t4-clean.webp,ae mm 24x18x8 a Single Bowl Size : 24x18x10 | 605x455x215mm \Wlaicht:- 11 Sko lfannroy) — = | ” 7 : | KITCHEN SINK ) T 24x18x8 Single Bowl Size : | 24x18x10 | 605x455x215mm Weight : 11.5kg. (approx) -,LUXURIOUS GRANITE <> Quartz — KITCHEN SINK Ss? Kitchen Sink,Quartz Kitchen Sink page-126,high
gt2025-c393,1,TL,66,,300×300mm,,Glossy,,,,Wall,Tiles,Wall Tiles,gt-2025-p65-t1-clean.webp,/assets/catalogue/clean_swatches/gt-2025-p65-t1-clean.webp,j 1 : . i yy,\ <S Hendmede —,page-127 Hand Made Kitchen Sink,placeholder
gt2025-c394,2,BL,66,X-18,300×300mm,,Glossy,,,,Wall,Tiles,Wall Tiles,gt-2025-p65-t2-clean.webp,/assets/catalogue/clean_swatches/gt-2025-p65-t2-clean.webp,"DIGITAL DISPLAY, PULL-OUT & RO FAUCET HANDMADE KITCHEN SINK GRADE KITCHEN SINK WITH INTEGRATED WATERFALLS, DIGITAL DISPLAY, PULL-OUT & RO FAUCET (30 X18 X 10 | HANDMADE KITCHEN SINK Overall Size: 750 ",\ <S Hendmede —,page-127 Hand Made Kitchen Sink,high
gt2025-c395,3,TR,66,Oneal,300×300mm,,Glossy,,,,Wall,Tiles,Wall Tiles,gt-2025-p65-t3-clean.webp,/assets/catalogue/clean_swatches/gt-2025-p65-t3-clean.webp,": - | Ogee ee ae eee 7 a ‘a . fa ieee . — (CSE SRI le 4 ah in aie , re IL wt wg * — -* . . a a Fie ‘4 oneal ee ay Ai a, a ] No = - < .. AfsP) tA i ee es eo - ee _— aN Hw aan ig - ar, _ “ — ae at Tey 7",LUXURIOUS GRANITE <> Quartz — KITCHEN SINK Ss? Kitchen Sink,Quartz Kitchen Sink page-128,high
gt2025-c396,4,BR,66,X-20,300×300mm,,Glossy,,,,Wall,Tiles,Wall Tiles,gt-2025-p65-t4-clean.webp,/assets/catalogue/clean_swatches/gt-2025-p65-t4-clean.webp,"ao ce ‘sme - DIGITAL DISPLAY, PULL-OUT & RO FAUCET QUARTZ KITCHEN SINK = RO FAUCET (30 X20 X10 GRADE KITCHEN SINK WITH INTEGRATED WATERFALLS, DIGITAL DISPLAY, PULL-OUT & RO FAUCET (30 X 20 X 10 | QUAR",LUXURIOUS GRANITE <> Quartz — KITCHEN SINK Ss? Kitchen Sink,Quartz Kitchen Sink page-128,high
gt2025-c397,1,TL,67,Premium,300×300mm,,Glossy,,,,Wall,Tiles,Wall Tiles,gt-2025-p66-t1-clean.webp,/assets/catalogue/clean_swatches/gt-2025-p66-t1-clean.webp,- ee PREMIUM | a,® / : thre Handmade Luxury,page-129 Sanitaryware Collection,placeholder
gt2025-c398,2,BL,67,Dimension,300×300mm,,Glossy,,,,Wall,Tiles,Wall Tiles,gt-2025-p66-t2-clean.webp,/assets/catalogue/clean_swatches/gt-2025-p66-t2-clean.webp,"6K —_"" a on . a ae a “ MODENA - BEIGE MRP RS. - 22001 Product : Wall Hung Closet Dimension : 525 X 355 X 340mm Flush System : Rimless",® / : thre Handmade Luxury,page-129 Sanitaryware Collection,placeholder
gt2025-c399,3,TR,67,Seal,300×300mm,,Glossy,,,,Wall,Tiles,Wall Tiles,gt-2025-p66-t3-clean.webp,/assets/catalogue/clean_swatches/gt-2025-p66-t3-clean.webp,"- 4 7 _& < t . :t at 3 . ""Rot c = -— 7 | - : ee Bs hh ‘ : { a be ce) { _—en ; na ' wer Tal ag Hoe toa | a ee boy . “ _ ar eo mes | en a ' co: —_ _& < — /f rT .° . | Jo. wt “y . “y . Seal es ——™* ae ee",@) Obssee: : : Handmade Luxury,Sanitaryware Collection page-130,high
gt2025-c400,4,BR,67,Al Nn Ae,300×300mm,,Glossy,,,,Wall,Tiles,Wall Tiles,gt-2025-p66-t4-clean.webp,/assets/catalogue/clean_swatches/gt-2025-p66-t4-clean.webp,al nn ae,@) Obssee: : : Handmade Luxury,Sanitaryware Collection page-130,high
gt2025-c401,1,TL,68,Premium,300×300mm,,Glossy,,,,Wall,Tiles,Wall Tiles,gt-2025-p67-t1-clean.webp,/assets/catalogue/clean_swatches/gt-2025-p67-t1-clean.webp,—_ ee PREMIUM | a,® / : thre Handmade Luxury,page-131 Sanitaryware Collection,placeholder
gt2025-c402,2,BL,68,Dimension,300×300mm,,Glossy,,,,Wall,Tiles,Wall Tiles,gt-2025-p67-t2-clean.webp,/assets/catalogue/clean_swatches/gt-2025-p67-t2-clean.webp,«| - «| - MODENA - GREY MRP RS. - 22001 Product : Wall Hung Closet Dimension : 525 X 355 X 340mm Flush System : Rimless,® / : thre Handmade Luxury,page-131 Sanitaryware Collection,high
gt2025-c403,3,TR,68,,300×300mm,,Glossy,,,,Wall,Tiles,Wall Tiles,gt-2025-p67-t3-clean.webp,/assets/catalogue/clean_swatches/gt-2025-p67-t3-clean.webp,"@ = . —_ — aa . — wa oo 2 “ ee a : .& ot a ™ ‘ , '",@) Obssee: / : Handmade Luxury,Sanitaryware Collection page-132,placeholder
gt2025-c404,4,BR,68,Pall,300×300mm,,Glossy,,,,Wall,Tiles,Wall Tiles,gt-2025-p67-t4-clean.webp,/assets/catalogue/clean_swatches/gt-2025-p67-t4-clean.webp,| ) — | = j I | = | | : | | | | _——_ | | | | | ' + | | | “* — —_— . ee . ~~ Pall ~ I _. ‘ a L ; - o,@) Obssee: / : Handmade Luxury,Sanitaryware Collection page-132,high
gt2025-c405,1,TL,69,Nan,300×300mm,,Glossy,,,,Wall,Tiles,Wall Tiles,gt-2025-p68-t1-clean.webp,/assets/catalogue/clean_swatches/gt-2025-p68-t1-clean.webp,"' | fa 7 — - nan, | i | ""i = - goo Be. _ . = .",", , ONE PIECE SANITARYWARE CLOS ET",page-133 Sanitaryware Collection,high
gt2025-c406,2,BL,69,Meee,300×300mm,,Glossy,,,,Wall,Tiles,Wall Tiles,gt-2025-p68-t2-clean.webp,/assets/catalogue/clean_swatches/gt-2025-p68-t2-clean.webp,~ 7 tm 4 1 meee” fl Py 1 4 fi i _ if » — ! ——,", , ONE PIECE SANITARYWARE CLOS ET",page-133 Sanitaryware Collection,high
gt2025-c407,3,TR,69,,300×300mm,,Glossy,,,,Wall,Tiles,Wall Tiles,gt-2025-p68-t3-clean.webp,/assets/catalogue/clean_swatches/gt-2025-p68-t3-clean.webp,_ ff _ ff ;,"ONE PIECE é , CLOSET SANITARYWARE",Sanitaryware Collection page-134,low
gt2025-c408,4,BR,69,,300×300mm,,Glossy,,,,Wall,Tiles,Wall Tiles,gt-2025-p68-t4-clean.webp,/assets/catalogue/clean_swatches/gt-2025-p68-t4-clean.webp,\ : : a 1 | | r ia,"ONE PIECE é , CLOSET SANITARYWARE",Sanitaryware Collection page-134,low
gt2025-c409,1,TL,70,Ail,300×300mm,,Glossy,,,,Wall,Tiles,Wall Tiles,gt-2025-p69-t1-clean.webp,/assets/catalogue/clean_swatches/gt-2025-p69-t1-clean.webp,: ) ail ail -,id ¢ WALL HUNG SANITARYWARE CLOSET,page-135 Sanitaryware Collection,high
gt2025-c410,2,BL,70,,300×300mm,,Glossy,,,,Wall,Tiles,Wall Tiles,gt-2025-p69-t2-clean.webp,/assets/catalogue/clean_swatches/gt-2025-p69-t2-clean.webp,"| , “i 7 : { <>",id ¢ WALL HUNG SANITARYWARE CLOSET,page-135 Sanitaryware Collection,low
gt2025-c411,3,TR,70,Lal,300×300mm,,Glossy,,,,Wall,Tiles,Wall Tiles,gt-2025-p69-t3-clean.webp,/assets/catalogue/clean_swatches/gt-2025-p69-t3-clean.webp,— - i | | lal _gil a | st “am 5 ul —_— _ 2 -_W__3iipee — —_——— Ga \ [a,WALL HUNG é ¢ CLOSET SANITARYWARE,Sanitaryware Collection page-136,high
gt2025-c412,4,BR,70,,300×300mm,,Glossy,,,,Wall,Tiles,Wall Tiles,gt-2025-p69-t4-clean.webp,/assets/catalogue/clean_swatches/gt-2025-p69-t4-clean.webp,,WALL HUNG é ¢ CLOSET SANITARYWARE,Sanitaryware Collection page-136,low
gt2025-c413,1,TL,71,Tee,300×300mm,,Glossy,,,,Wall,Tiles,Wall Tiles,gt-2025-p70-t1-clean.webp,/assets/catalogue/clean_swatches/gt-2025-p70-t1-clean.webp,tee od e | eB,| ¢ if ¢ | WATER CLOSET,page-137 Sanitaryware Collection,high
gt2025-c414,2,BL,71,,300×300mm,,Glossy,,,,Wall,Tiles,Wall Tiles,gt-2025-p70-t2-clean.webp,/assets/catalogue/clean_swatches/gt-2025-p70-t2-clean.webp,,| ¢ if ¢ | WATER CLOSET,page-137 Sanitaryware Collection,low
gt2025-c415,3,TR,71,With,300×300mm,,Glossy,,,,Wall,Tiles,Wall Tiles,gt-2025-p70-t3-clean.webp,/assets/catalogue/clean_swatches/gt-2025-p70-t3-clean.webp,1004 with 2002 MRP RS. - 2200/- 1007 with : MR 1004 with 2002 MRP RS. - 2200/- 1007 with 2002 MR f | m a,SMALL é . WASH BASIN SANITARYWARE,Sanitaryware Collection page-138,high
gt2025-c416,4,BR,71,180MM,300×300mm,,Glossy,,,,Wall,Tiles,Wall Tiles,gt-2025-p70-t4-clean.webp,/assets/catalogue/clean_swatches/gt-2025-p70-t4-clean.webp,"Dimension 510X 415% 180mm, ‘mension C.T.PAN 20” MRP RS. - 1000/- ORISSA PF Dimension : 510 X 415 X 180mm Dimension Dimension 510% 415Xi80mm ‘mension +520 X 420% 2800 C.T.PAN 20” MRP RS. - 1000/- ORISS",SMALL é . WASH BASIN SANITARYWARE,Sanitaryware Collection page-138,high
gt2025-c417,1,TL,72,Dimension,300×300mm,,Glossy,,,,Wall,Tiles,Wall Tiles,gt-2025-p71-t1-clean.webp,/assets/catalogue/clean_swatches/gt-2025-p71-t1-clean.webp,"ore asion 7"" MRP RS. 00/- ore sion » 18” . i ¥ 3016 MRP RS. - 900/- 3006 M Dimension : 18” X 14” Dimension : 18” X 14” rot",", , SMALL SANITARYWARE WASH BASIN",page-139 Sanitaryware Collection,high
gt2025-c418,2,BL,72,,300×300mm,,Glossy,,,,Wall,Tiles,Wall Tiles,gt-2025-p71-t2-clean.webp,/assets/catalogue/clean_swatches/gt-2025-p71-t2-clean.webp,"al _ A | oo i 4 . | Ce ""Te fi",", , SMALL SANITARYWARE WASH BASIN",page-139 Sanitaryware Collection,low
gt2025-c419,3,TR,72,Mrp,300×300mm,,Glossy,,,,Wall,Tiles,Wall Tiles,gt-2025-p71-t3-clean.webp,/assets/catalogue/clean_swatches/gt-2025-p71-t3-clean.webp,_ = RS. \ M-01 MRP RS.-5600/- —-R-22 MR _ ss _ ' | |,SMALL é . WASH BASIN SANITARYWARE,Sanitaryware Collection page-140,high
gt2025-c420,4,BR,72,A-06,300×300mm,,Glossy,,,,Wall,Tiles,Wall Tiles,gt-2025-p71-t4-clean.webp,/assets/catalogue/clean_swatches/gt-2025-p71-t4-clean.webp,i i : All 2 a r ‘ — o: } 3012 | _ : A-06 1 . RS. - 5¢ 5012 MRP RS. - 5600/- A-06 MRP RS. - 5é€ },SMALL é . WASH BASIN SANITARYWARE,Sanitaryware Collection page-140,high
gt2025-c421,1,TL,73,Teese,300×300mm,,Glossy,,,,Wall,Tiles,Wall Tiles,gt-2025-p72-t1-clean.webp,/assets/catalogue/clean_swatches/gt-2025-p72-t1-clean.webp,"| a on Pe eee ry a NT do +4 SSO aa pee CELA Nee acne : - : Noe, oN, On Oe SS aw OCA, r oa : a oe Sane Die Sas SAS gs oR CRS te SAN OES ER ee ca OSE Oe See Nae 7 — 8 Bey Teese enone es wt a ee eae NN T",\ Bathroom Accessories,page-141 Cabinet Vanity,high
gt2025-c422,2,BL,73,Codliaadinnniinaine,300×300mm,,Glossy,,,,Wall,Tiles,Wall Tiles,gt-2025-p72-t2-clean.webp,/assets/catalogue/clean_swatches/gt-2025-p72-t2-clean.webp,"am ae . me : . oo. i ri Tie tant oem we ee - . . . . ry . . m2 . . . . . . . ~ ¥ © o- }-codliaadinnniinaine . a, = sO . 7 es ee eee we: - os pound . eet rye - - = = - — = _ : se . os te ee ‘ So to we ",\ Bathroom Accessories,page-141 Cabinet Vanity,high
gt2025-c423,3,TR,73,,300×300mm,,Glossy,,,,Wall,Tiles,Wall Tiles,gt-2025-p72-t3-clean.webp,/assets/catalogue/clean_swatches/gt-2025-p72-t3-clean.webp,_ | | \ FL a ta. i” | ‘’,| | Bathroom Accessories LUXURIOUS = CABINET VANITY VANITY,Cabinet Vanity page-142,low
gt2025-c424,4,BR,73,Toth,300×300mm,,Glossy,,,,Wall,Tiles,Wall Tiles,gt-2025-p72-t4-clean.webp,/assets/catalogue/clean_swatches/gt-2025-p72-t4-clean.webp,"‘ "" 4 . “ ‘ fe — aon 4 ; ~om 5 ETE wT a ee ""= - , : of oc gt 1 fe 4 al - . ‘ 7 i, .° ' - fo oa ~ ™ 4 \ a ' ‘ . “. te - . . . 4 Ny 1 : . P.O bot ee soe ee ~ ae . Lo , oe . . “a ~~ Toth th Se wwe”, : : ",| | Bathroom Accessories LUXURIOUS = CABINET VANITY VANITY,Cabinet Vanity page-142,high
gt2025-c425,1,TL,74,,300×300mm,,Glossy,,,,Wall,Tiles,Wall Tiles,gt-2025-p73-t1-clean.webp,/assets/catalogue/clean_swatches/gt-2025-p73-t1-clean.webp,| a,\ Bathroom Accessories,page-143 Cabinet Vanity,placeholder
gt2025-c426,2,BL,74,Bndndeipenas,300×300mm,,Glossy,,,,Wall,Tiles,Wall Tiles,gt-2025-p73-t2-clean.webp,/assets/catalogue/clean_swatches/gt-2025-p73-t2-clean.webp,"y _ : ” a a —r - —_— . i en vee ~ ee oe - oo. oe . . . oe fo. . ne enn Aan det mn OM we wow, < so . mt - TY TP Bndndeipenas ws . . —_—— - - - ee “ “eee . - > oRs - rr ies — . - - = - . . beet — _ ‘“ .",\ Bathroom Accessories,page-143 Cabinet Vanity,high
gt2025-c427,3,TR,74,Eerocine,300×300mm,,Glossy,,,,Wall,Tiles,Wall Tiles,gt-2025-p73-t3-clean.webp,/assets/catalogue/clean_swatches/gt-2025-p73-t3-clean.webp,"| ee 4 ' | ‘ es, <A OE eB Sy COPTER SSE ORES ac . : . het sath? RN SEE a SoS ee ae EEROCINE Ren an an TOT Ne ag aoe oe MARIN ss oe BSNS FREE a4 . “",| | Bathroom Accessories LUXURIOUS = CABINET VANITY VANITY,Cabinet Vanity page-144,high
gt2025-c428,4,BR,74,Meme,300×300mm,,Glossy,,,,Wall,Tiles,Wall Tiles,gt-2025-p73-t4-clean.webp,/assets/catalogue/clean_swatches/gt-2025-p73-t4-clean.webp,"i J » r uy | — Or. fA ~~ . wy... 4 \ ‘et “ - ——_or — a . _ - - we _ > . - . - . : 4 oti meme - i , eee — ~. S a a ¥ . . . “} Si ele ic a — bd : . 7 . . : . . : na ae ete see a : .. mo, - - . - . . -. ",| | Bathroom Accessories LUXURIOUS = CABINET VANITY VANITY,Cabinet Vanity page-144,high
gt2025-c429,1,TL,75,Cerastyleit,300×300mm,,Glossy,,,,Wall,Tiles,Wall Tiles,gt-2025-p74-t1-clean.webp,/assets/catalogue/clean_swatches/gt-2025-p74-t1-clean.webp,Se TE t= | = a Shi HH Saie _ Net weight - 20 kg | f ‘ ; \ ff CERAStyleit Y Slab Tile / Stone Adhesive ! \ TAO3 - Grey z 3 \ nO Oey sive Highly flexible J | . . Set curing Use eatertor B if | ers Tt ae,CERA,eS ne a ¥yY as viv a page-145,high
gt2025-c430,2,BL,75,TAO2-Grey,300×300mm,,Glossy,,,,Wall,Tiles,Wall Tiles,gt-2025-p74-t2-clean.webp,/assets/catalogue/clean_swatches/gt-2025-p74-t2-clean.webp,q- hey ce an P ' Ns 324 ert fe) BEE RA Stylchy CERAStYlei | CERAStyie— | CERAS! Al} . Ti . Tie Adhesive TAC? Whi Slab Tile / Stone A TBBRRY Tile Adhesive TAGTS Tile Adhesive TAO2-Grey ouve TAO? White ,CERA,eS ne a ¥yY as viv a page-145,high
gt2025-c431,3,TR,75,Substrates,300×300mm,,Glossy,,,,Wall,Tiles,Wall Tiles,gt-2025-p74-t3-clean.webp,/assets/catalogue/clean_swatches/gt-2025-p74-t3-clean.webp,"— bag on “ 3 ° Cement plaster ge / eo safcuring RT re ~ @ Excellent Adi « Cement Terrazzo ee, * R.C.C. Surface La / £3 Caos eT] COVERAGE AREA Sra ia 55 -60 sq. ft. per 20 kg bag on Slee TILE ADHESIVE ",Tile Grout CERA & Adhesives,"ad Pyle vv eo, WIilINNo ULY. a page-146",high
gt2025-c432,4,BR,75,TA02-Grey,300×300mm,,Glossy,,,,Wall,Tiles,Wall Tiles,gt-2025-p74-t4-clean.webp,/assets/catalogue/clean_swatches/gt-2025-p74-t4-clean.webp,"— r an e Cement mortar beads 1M - Cement plaster ‘ce mofied nase Po ¢ Existing tile / stone on floor i, °R.C.C. Surface fe ee “eee COVERAGE AREA FE 55 -60 sq. ft. per 20 kg bag on Ee | ell TILE ADHESI",Tile Grout CERA & Adhesives,"ad Pyle vv eo, WIilINNo ULY. a page-146",high
